image_path,label,region_id,x,y,block_id
images/region_basel_stadt_core_01/blc_00001.jpg,0,region_basel_stadt_core_01,2612225.0,1267950.0,block_0001
images/region_basel_stadt_core_01/blc_00002.jpg,0,region_basel_stadt_core_01,2612225.0,1267975.0,block_0001
images/region_basel_stadt_core_01/blc_00003.jpg,0,region_basel_stadt_core_01,2612225.0,1268000.0,block_0001
images/region_basel_stadt_core_01/blc_00004.jpg,0,region_basel_stadt_core_01,2612225.0,1268025.0,block_0001
images/region_basel_stadt_core_01/blc_00005.jpg,0,region_basel_stadt_core_01,2612250.0,1267950.0,block_0001
images/region_basel_stadt_core_01/blc_00006.jpg,0,region_basel_stadt_core_01,2612250.0,1267975.0,block_0001
images/region_basel_stadt_core_01/blc_00007.jpg,0,region_basel_stadt_core_01,2612250.0,1268000.0,block_0001
images/region_basel_stadt_core_01/blc_00008.jpg,1,region_basel_stadt_core_01,2612250.0,1268025.0,block_0001
images/region_basel_stadt_core_01/blc_00009.jpg,0,region_basel_stadt_core_01,2612275.0,1267950.0,block_0001
images/region_basel_stadt_core_01/blc_00010.jpg,0,region_basel_stadt_core_01,2612275.0,1267975.0,block_0001
images/region_basel_stadt_core_01/blc_00011.jpg,0,region_basel_stadt_core_01,2612275.0,1268000.0,block_0001
images/region_basel_stadt_core_01/blc_00012.jpg,1,region_basel_stadt_core_01,2612275.0,1268025.0,block_0001
images/region_basel_stadt_core_01/blc_00013.jpg,0,region_basel_stadt_core_01,2612300.0,1267950.0,block_0001
images/region_basel_stadt_core_01/blc_00014.jpg,0,region_basel_stadt_core_01,2612300.0,1267975.0,block_0001
images/region_basel_stadt_core_01/blc_00015.jpg,0,region_basel_stadt_core_01,2612300.0,1268000.0,block_0001
images/region_basel_stadt_core_01/blc_00016.jpg,0,region_basel_stadt_core_01,2612300.0,1268025.0,block_0001
images/region_basel_stadt_core_01/blc_00017.jpg,0,region_basel_stadt_core_01,2612600.0,1268875.0,block_0002
images/region_basel_stadt_core_01/blc_00018.jpg,0,region_basel_stadt_core_01,2612600.0,1268900.0,block_0002
images/region_basel_stadt_core_01/blc_00019.jpg,0,region_basel_stadt_core_01,2612600.0,1268925.0,block_0002
images/region_basel_stadt_core_01/blc_00020.jpg,0,region_basel_stadt_core_01,2612600.0,1268950.0,block_0002
images/region_basel_stadt_core_01/blc_00021.jpg,0,region_basel_stadt_core_01,2612625.0,1268875.0,block_0002
images/region_basel_stadt_core_01/blc_00022.jpg,0,region_basel_stadt_core_01,2612625.0,1268900.0,block_0002
images/region_basel_stadt_core_01/blc_00023.jpg,0,region_basel_stadt_core_01,2612625.0,1268925.0,block_0002
images/region_basel_stadt_core_01/blc_00024.jpg,0,region_basel_stadt_core_01,2612625.0,1268950.0,block_0002
images/region_basel_stadt_core_01/blc_00025.jpg,0,region_basel_stadt_core_01,2612650.0,1268875.0,block_0002
images/region_basel_stadt_core_01/blc_00026.jpg,0,region_basel_stadt_core_01,2612650.0,1268900.0,block_0002
images/region_basel_stadt_core_01/blc_00027.jpg,0,region_basel_stadt_core_01,2612650.0,1268925.0,block_0002
images/region_basel_stadt_core_01/blc_00028.jpg,0,region_basel_stadt_core_01,2612650.0,1268950.0,block_0002
images/region_basel_stadt_core_01/blc_00029.jpg,0,region_basel_stadt_core_01,2612675.0,1268875.0,block_0002
images/region_basel_stadt_core_01/blc_00030.jpg,0,region_basel_stadt_core_01,2612675.0,1268900.0,block_0002
images/region_basel_stadt_core_01/blc_00031.jpg,0,region_basel_stadt_core_01,2612675.0,1268925.0,block_0002
images/region_basel_stadt_core_01/blc_00032.jpg,0,region_basel_stadt_core_01,2612675.0,1268950.0,block_0002
images/region_basel_stadt_core_01/blc_00033.jpg,0,region_basel_stadt_core_01,2612700.0,1267275.0,block_0003
images/region_basel_stadt_core_01/blc_00034.jpg,0,region_basel_stadt_core_01,2612700.0,1267300.0,block_0003
images/region_basel_stadt_core_01/blc_00035.jpg,0,region_basel_stadt_core_01,2612700.0,1267325.0,block_0003
images/region_basel_stadt_core_01/blc_00036.jpg,0,region_basel_stadt_core_01,2612700.0,1267350.0,block_0003
images/region_basel_stadt_core_01/blc_00037.jpg,0,region_basel_stadt_core_01,2612725.0,1267275.0,block_0003
images/region_basel_stadt_core_01/blc_00038.jpg,0,region_basel_stadt_core_01,2612725.0,1267300.0,block_0003
images/region_basel_stadt_core_01/blc_00039.jpg,0,region_basel_stadt_core_01,2612725.0,1267325.0,block_0003
images/region_basel_stadt_core_01/blc_00040.jpg,0,region_basel_stadt_core_01,2612725.0,1267350.0,block_0003
images/region_basel_stadt_core_01/blc_00041.jpg,0,region_basel_stadt_core_01,2612750.0,1267275.0,block_0003
images/region_basel_stadt_core_01/blc_00042.jpg,0,region_basel_stadt_core_01,2612750.0,1267300.0,block_0003
images/region_basel_stadt_core_01/blc_00043.jpg,0,region_basel_stadt_core_01,2612750.0,1267325.0,block_0003
images/region_basel_stadt_core_01/blc_00044.jpg,0,region_basel_stadt_core_01,2612750.0,1267350.0,block_0003
images/region_basel_stadt_core_01/blc_00045.jpg,0,region_basel_stadt_core_01,2612775.0,1267275.0,block_0003
images/region_basel_stadt_core_01/blc_00046.jpg,0,region_basel_stadt_core_01,2612775.0,1267300.0,block_0003
images/region_basel_stadt_core_01/blc_00047.jpg,0,region_basel_stadt_core_01,2612775.0,1267325.0,block_0003
images/region_basel_stadt_core_01/blc_00048.jpg,0,region_basel_stadt_core_01,2612775.0,1267350.0,block_0003
images/region_basel_stadt_core_01/blc_00049.jpg,0,region_basel_stadt_core_01,2611725.0,1267750.0,block_0004
images/region_basel_stadt_core_01/blc_00050.jpg,0,region_basel_stadt_core_01,2611725.0,1267775.0,block_0004
images/region_basel_stadt_core_01/blc_00051.jpg,0,region_basel_stadt_core_01,2611725.0,1267800.0,block_0004
images/region_basel_stadt_core_01/blc_00052.jpg,0,region_basel_stadt_core_01,2611725.0,1267825.0,block_0004
images/region_basel_stadt_core_01/blc_00053.jpg,0,region_basel_stadt_core_01,2611750.0,1267750.0,block_0004
images/region_basel_stadt_core_01/blc_00054.jpg,0,region_basel_stadt_core_01,2611750.0,1267775.0,block_0004
images/region_basel_stadt_core_01/blc_00055.jpg,0,region_basel_stadt_core_01,2611750.0,1267800.0,block_0004
images/region_basel_stadt_core_01/blc_00056.jpg,0,region_basel_stadt_core_01,2611750.0,1267825.0,block_0004
images/region_basel_stadt_core_01/blc_00057.jpg,0,region_basel_stadt_core_01,2611775.0,1267750.0,block_0004
images/region_basel_stadt_core_01/blc_00058.jpg,0,region_basel_stadt_core_01,2611775.0,1267775.0,block_0004
images/region_basel_stadt_core_01/blc_00059.jpg,0,region_basel_stadt_core_01,2611775.0,1267800.0,block_0004
images/region_basel_stadt_core_01/blc_00060.jpg,0,region_basel_stadt_core_01,2611775.0,1267825.0,block_0004
images/region_basel_stadt_core_01/blc_00061.jpg,0,region_basel_stadt_core_01,2611800.0,1267750.0,block_0004
images/region_basel_stadt_core_01/blc_00062.jpg,0,region_basel_stadt_core_01,2611800.0,1267775.0,block_0004
images/region_basel_stadt_core_01/blc_00063.jpg,0,region_basel_stadt_core_01,2611800.0,1267800.0,block_0004
images/region_basel_stadt_core_01/blc_00064.jpg,1,region_basel_stadt_core_01,2611800.0,1267825.0,block_0004
images/region_basel_stadt_core_01/blc_00065.jpg,0,region_basel_stadt_core_01,2612725.0,1268650.0,block_0005
images/region_basel_stadt_core_01/blc_00066.jpg,0,region_basel_stadt_core_01,2612725.0,1268675.0,block_0005
images/region_basel_stadt_core_01/blc_00067.jpg,0,region_basel_stadt_core_01,2612725.0,1268700.0,block_0005
images/region_basel_stadt_core_01/blc_00068.jpg,0,region_basel_stadt_core_01,2612725.0,1268725.0,block_0005
images/region_basel_stadt_core_01/blc_00069.jpg,0,region_basel_stadt_core_01,2612750.0,1268650.0,block_0005
images/region_basel_stadt_core_01/blc_00070.jpg,0,region_basel_stadt_core_01,2612750.0,1268675.0,block_0005
images/region_basel_stadt_core_01/blc_00071.jpg,0,region_basel_stadt_core_01,2612750.0,1268700.0,block_0005
images/region_basel_stadt_core_01/blc_00072.jpg,0,region_basel_stadt_core_01,2612750.0,1268725.0,block_0005
images/region_basel_stadt_core_01/blc_00073.jpg,0,region_basel_stadt_core_01,2612775.0,1268650.0,block_0005
images/region_basel_stadt_core_01/blc_00074.jpg,0,region_basel_stadt_core_01,2612775.0,1268675.0,block_0005
images/region_basel_stadt_core_01/blc_00075.jpg,0,region_basel_stadt_core_01,2612775.0,1268700.0,block_0005
images/region_basel_stadt_core_01/blc_00076.jpg,0,region_basel_stadt_core_01,2612775.0,1268725.0,block_0005
images/region_basel_stadt_core_01/blc_00077.jpg,0,region_basel_stadt_core_01,2612800.0,1268650.0,block_0005
images/region_basel_stadt_core_01/blc_00078.jpg,0,region_basel_stadt_core_01,2612800.0,1268675.0,block_0005
images/region_basel_stadt_core_01/blc_00079.jpg,0,region_basel_stadt_core_01,2612800.0,1268700.0,block_0005
images/region_basel_stadt_core_01/blc_00080.jpg,0,region_basel_stadt_core_01,2612800.0,1268725.0,block_0005
images/region_basel_stadt_core_01/blc_00081.jpg,0,region_basel_stadt_core_01,2612450.0,1268875.0,block_0006
images/region_basel_stadt_core_01/blc_00082.jpg,0,region_basel_stadt_core_01,2612450.0,1268900.0,block_0006
images/region_basel_stadt_core_01/blc_00083.jpg,0,region_basel_stadt_core_01,2612450.0,1268925.0,block_0006
images/region_basel_stadt_core_01/blc_00084.jpg,0,region_basel_stadt_core_01,2612450.0,1268950.0,block_0006
images/region_basel_stadt_core_01/blc_00085.jpg,0,region_basel_stadt_core_01,2612475.0,1268875.0,block_0006
images/region_basel_stadt_core_01/blc_00086.jpg,0,region_basel_stadt_core_01,2612475.0,1268900.0,block_0006
images/region_basel_stadt_core_01/blc_00087.jpg,0,region_basel_stadt_core_01,2612475.0,1268925.0,block_0006
images/region_basel_stadt_core_01/blc_00088.jpg,0,region_basel_stadt_core_01,2612475.0,1268950.0,block_0006
images/region_basel_stadt_core_01/blc_00089.jpg,0,region_basel_stadt_core_01,2612500.0,1268875.0,block_0006
images/region_basel_stadt_core_01/blc_00090.jpg,0,region_basel_stadt_core_01,2612500.0,1268900.0,block_0006
images/region_basel_stadt_core_01/blc_00091.jpg,0,region_basel_stadt_core_01,2612500.0,1268925.0,block_0006
images/region_basel_stadt_core_01/blc_00092.jpg,0,region_basel_stadt_core_01,2612500.0,1268950.0,block_0006
images/region_basel_stadt_core_01/blc_00093.jpg,0,region_basel_stadt_core_01,2612525.0,1268875.0,block_0006
images/region_basel_stadt_core_01/blc_00094.jpg,0,region_basel_stadt_core_01,2612525.0,1268900.0,block_0006
images/region_basel_stadt_core_01/blc_00095.jpg,0,region_basel_stadt_core_01,2612525.0,1268925.0,block_0006
images/region_basel_stadt_core_01/blc_00096.jpg,0,region_basel_stadt_core_01,2612525.0,1268950.0,block_0006
images/region_basel_stadt_core_01/blc_00097.jpg,0,region_basel_stadt_core_01,2612225.0,1268800.0,block_0007
images/region_basel_stadt_core_01/blc_00098.jpg,0,region_basel_stadt_core_01,2612225.0,1268825.0,block_0007
images/region_basel_stadt_core_01/blc_00099.jpg,0,region_basel_stadt_core_01,2612225.0,1268850.0,block_0007
images/region_basel_stadt_core_01/blc_00100.jpg,0,region_basel_stadt_core_01,2612225.0,1268875.0,block_0007
images/region_basel_stadt_core_01/blc_00101.jpg,0,region_basel_stadt_core_01,2612250.0,1268800.0,block_0007
images/region_basel_stadt_core_01/blc_00102.jpg,0,region_basel_stadt_core_01,2612250.0,1268825.0,block_0007
images/region_basel_stadt_core_01/blc_00103.jpg,0,region_basel_stadt_core_01,2612250.0,1268850.0,block_0007
images/region_basel_stadt_core_01/blc_00104.jpg,0,region_basel_stadt_core_01,2612250.0,1268875.0,block_0007
images/region_basel_stadt_core_01/blc_00105.jpg,0,region_basel_stadt_core_01,2612275.0,1268800.0,block_0007
images/region_basel_stadt_core_01/blc_00106.jpg,0,region_basel_stadt_core_01,2612275.0,1268825.0,block_0007
images/region_basel_stadt_core_01/blc_00107.jpg,0,region_basel_stadt_core_01,2612275.0,1268850.0,block_0007
images/region_basel_stadt_core_01/blc_00108.jpg,0,region_basel_stadt_core_01,2612275.0,1268875.0,block_0007
images/region_basel_stadt_core_01/blc_00109.jpg,0,region_basel_stadt_core_01,2612300.0,1268800.0,block_0007
images/region_basel_stadt_core_01/blc_00110.jpg,0,region_basel_stadt_core_01,2612300.0,1268825.0,block_0007
images/region_basel_stadt_core_01/blc_00111.jpg,0,region_basel_stadt_core_01,2612300.0,1268850.0,block_0007
images/region_basel_stadt_core_01/blc_00112.jpg,0,region_basel_stadt_core_01,2612300.0,1268875.0,block_0007
images/region_basel_stadt_core_01/blc_00113.jpg,1,region_basel_stadt_core_01,2612150.0,1268625.0,block_0008
images/region_basel_stadt_core_01/blc_00114.jpg,0,region_basel_stadt_core_01,2612150.0,1268650.0,block_0008
images/region_basel_stadt_core_01/blc_00115.jpg,0,region_basel_stadt_core_01,2612150.0,1268675.0,block_0008
images/region_basel_stadt_core_01/blc_00116.jpg,0,region_basel_stadt_core_01,2612150.0,1268700.0,block_0008
images/region_basel_stadt_core_01/blc_00117.jpg,0,region_basel_stadt_core_01,2612175.0,1268625.0,block_0008
images/region_basel_stadt_core_01/blc_00118.jpg,0,region_basel_stadt_core_01,2612175.0,1268650.0,block_0008
images/region_basel_stadt_core_01/blc_00119.jpg,0,region_basel_stadt_core_01,2612175.0,1268675.0,block_0008
images/region_basel_stadt_core_01/blc_00120.jpg,0,region_basel_stadt_core_01,2612175.0,1268700.0,block_0008
images/region_basel_stadt_core_01/blc_00121.jpg,0,region_basel_stadt_core_01,2612200.0,1268625.0,block_0008
images/region_basel_stadt_core_01/blc_00122.jpg,0,region_basel_stadt_core_01,2612200.0,1268650.0,block_0008
images/region_basel_stadt_core_01/blc_00123.jpg,0,region_basel_stadt_core_01,2612200.0,1268675.0,block_0008
images/region_basel_stadt_core_01/blc_00124.jpg,0,region_basel_stadt_core_01,2612200.0,1268700.0,block_0008
images/region_basel_stadt_core_01/blc_00125.jpg,0,region_basel_stadt_core_01,2612225.0,1268625.0,block_0008
images/region_basel_stadt_core_01/blc_00126.jpg,0,region_basel_stadt_core_01,2612225.0,1268650.0,block_0008
images/region_basel_stadt_core_01/blc_00127.jpg,0,region_basel_stadt_core_01,2612225.0,1268675.0,block_0008
images/region_basel_stadt_core_01/blc_00128.jpg,0,region_basel_stadt_core_01,2612225.0,1268700.0,block_0008
images/region_basel_stadt_core_01/blc_00129.jpg,0,region_basel_stadt_core_01,2612700.0,1268800.0,block_0009
images/region_basel_stadt_core_01/blc_00130.jpg,0,region_basel_stadt_core_01,2612700.0,1268825.0,block_0009
images/region_basel_stadt_core_01/blc_00131.jpg,0,region_basel_stadt_core_01,2612700.0,1268850.0,block_0009
images/region_basel_stadt_core_01/blc_00132.jpg,0,region_basel_stadt_core_01,2612700.0,1268875.0,block_0009
images/region_basel_stadt_core_01/blc_00133.jpg,0,region_basel_stadt_core_01,2612725.0,1268800.0,block_0009
images/region_basel_stadt_core_01/blc_00134.jpg,0,region_basel_stadt_core_01,2612725.0,1268825.0,block_0009
images/region_basel_stadt_core_01/blc_00135.jpg,0,region_basel_stadt_core_01,2612725.0,1268850.0,block_0009
images/region_basel_stadt_core_01/blc_00136.jpg,0,region_basel_stadt_core_01,2612725.0,1268875.0,block_0009
images/region_basel_stadt_core_01/blc_00137.jpg,0,region_basel_stadt_core_01,2612750.0,1268800.0,block_0009
images/region_basel_stadt_core_01/blc_00138.jpg,0,region_basel_stadt_core_01,2612750.0,1268825.0,block_0009
images/region_basel_stadt_core_01/blc_00139.jpg,0,region_basel_stadt_core_01,2612750.0,1268850.0,block_0009
images/region_basel_stadt_core_01/blc_00140.jpg,0,region_basel_stadt_core_01,2612750.0,1268875.0,block_0009
images/region_basel_stadt_core_01/blc_00141.jpg,0,region_basel_stadt_core_01,2612775.0,1268800.0,block_0009
images/region_basel_stadt_core_01/blc_00142.jpg,0,region_basel_stadt_core_01,2612775.0,1268825.0,block_0009
images/region_basel_stadt_core_01/blc_00143.jpg,0,region_basel_stadt_core_01,2612775.0,1268850.0,block_0009
images/region_basel_stadt_core_01/blc_00144.jpg,0,region_basel_stadt_core_01,2612775.0,1268875.0,block_0009
images/region_basel_stadt_core_01/blc_00145.jpg,0,region_basel_stadt_core_01,2612400.0,1268200.0,block_0010
images/region_basel_stadt_core_01/blc_00146.jpg,1,region_basel_stadt_core_01,2612400.0,1268225.0,block_0010
images/region_basel_stadt_core_01/blc_00147.jpg,1,region_basel_stadt_core_01,2612400.0,1268250.0,block_0010
images/region_basel_stadt_core_01/blc_00148.jpg,0,region_basel_stadt_core_01,2612400.0,1268275.0,block_0010
images/region_basel_stadt_core_01/blc_00149.jpg,0,region_basel_stadt_core_01,2612425.0,1268200.0,block_0010
images/region_basel_stadt_core_01/blc_00150.jpg,0,region_basel_stadt_core_01,2612425.0,1268225.0,block_0010
images/region_basel_stadt_core_01/blc_00151.jpg,0,region_basel_stadt_core_01,2612425.0,1268250.0,block_0010
images/region_basel_stadt_core_01/blc_00152.jpg,0,region_basel_stadt_core_01,2612425.0,1268275.0,block_0010
images/region_basel_stadt_core_01/blc_00153.jpg,0,region_basel_stadt_core_01,2612450.0,1268200.0,block_0010
images/region_basel_stadt_core_01/blc_00154.jpg,0,region_basel_stadt_core_01,2612450.0,1268225.0,block_0010
images/region_basel_stadt_core_01/blc_00155.jpg,0,region_basel_stadt_core_01,2612450.0,1268250.0,block_0010
images/region_basel_stadt_core_01/blc_00156.jpg,0,region_basel_stadt_core_01,2612450.0,1268275.0,block_0010
images/region_basel_stadt_core_01/blc_00157.jpg,0,region_basel_stadt_core_01,2612475.0,1268200.0,block_0010
images/region_basel_stadt_core_01/blc_00158.jpg,0,region_basel_stadt_core_01,2612475.0,1268225.0,block_0010
images/region_basel_stadt_core_01/blc_00159.jpg,0,region_basel_stadt_core_01,2612475.0,1268250.0,block_0010
images/region_basel_stadt_core_01/blc_00160.jpg,0,region_basel_stadt_core_01,2612475.0,1268275.0,block_0010
images/region_basel_stadt_core_01/blc_00161.jpg,0,region_basel_stadt_core_01,2611525.0,1267325.0,block_0011
images/region_basel_stadt_core_01/blc_00162.jpg,0,region_basel_stadt_core_01,2611525.0,1267350.0,block_0011
images/region_basel_stadt_core_01/blc_00163.jpg,0,region_basel_stadt_core_01,2611525.0,1267375.0,block_0011
images/region_basel_stadt_core_01/blc_00164.jpg,0,region_basel_stadt_core_01,2611525.0,1267400.0,block_0011
images/region_basel_stadt_core_01/blc_00165.jpg,0,region_basel_stadt_core_01,2611550.0,1267325.0,block_0011
images/region_basel_stadt_core_01/blc_00166.jpg,0,region_basel_stadt_core_01,2611550.0,1267350.0,block_0011
images/region_basel_stadt_core_01/blc_00167.jpg,0,region_basel_stadt_core_01,2611550.0,1267375.0,block_0011
images/region_basel_stadt_core_01/blc_00168.jpg,0,region_basel_stadt_core_01,2611550.0,1267400.0,block_0011
images/region_basel_stadt_core_01/blc_00169.jpg,0,region_basel_stadt_core_01,2611575.0,1267325.0,block_0011
images/region_basel_stadt_core_01/blc_00170.jpg,0,region_basel_stadt_core_01,2611575.0,1267350.0,block_0011
images/region_basel_stadt_core_01/blc_00171.jpg,0,region_basel_stadt_core_01,2611575.0,1267375.0,block_0011
images/region_basel_stadt_core_01/blc_00172.jpg,0,region_basel_stadt_core_01,2611575.0,1267400.0,block_0011
images/region_basel_stadt_core_01/blc_00173.jpg,0,region_basel_stadt_core_01,2611600.0,1267325.0,block_0011
images/region_basel_stadt_core_01/blc_00174.jpg,0,region_basel_stadt_core_01,2611600.0,1267350.0,block_0011
images/region_basel_stadt_core_01/blc_00175.jpg,0,region_basel_stadt_core_01,2611600.0,1267375.0,block_0011
images/region_basel_stadt_core_01/blc_00176.jpg,0,region_basel_stadt_core_01,2611600.0,1267400.0,block_0011
images/region_basel_stadt_core_01/blc_00177.jpg,0,region_basel_stadt_core_01,2611600.0,1267000.0,block_0012
images/region_basel_stadt_core_01/blc_00178.jpg,0,region_basel_stadt_core_01,2611600.0,1267025.0,block_0012
images/region_basel_stadt_core_01/blc_00179.jpg,0,region_basel_stadt_core_01,2611600.0,1267050.0,block_0012
images/region_basel_stadt_core_01/blc_00180.jpg,0,region_basel_stadt_core_01,2611600.0,1267075.0,block_0012
images/region_basel_stadt_core_01/blc_00181.jpg,0,region_basel_stadt_core_01,2611625.0,1267000.0,block_0012
images/region_basel_stadt_core_01/blc_00182.jpg,0,region_basel_stadt_core_01,2611625.0,1267025.0,block_0012
images/region_basel_stadt_core_01/blc_00183.jpg,0,region_basel_stadt_core_01,2611625.0,1267050.0,block_0012
images/region_basel_stadt_core_01/blc_00184.jpg,0,region_basel_stadt_core_01,2611625.0,1267075.0,block_0012
images/region_basel_stadt_core_01/blc_00185.jpg,0,region_basel_stadt_core_01,2611650.0,1267000.0,block_0012
images/region_basel_stadt_core_01/blc_00186.jpg,0,region_basel_stadt_core_01,2611650.0,1267025.0,block_0012
images/region_basel_stadt_core_01/blc_00187.jpg,0,region_basel_stadt_core_01,2611650.0,1267050.0,block_0012
images/region_basel_stadt_core_01/blc_00188.jpg,0,region_basel_stadt_core_01,2611650.0,1267075.0,block_0012
images/region_basel_stadt_core_01/blc_00189.jpg,0,region_basel_stadt_core_01,2611675.0,1267000.0,block_0012
images/region_basel_stadt_core_01/blc_00190.jpg,0,region_basel_stadt_core_01,2611675.0,1267025.0,block_0012
images/region_basel_stadt_core_01/blc_00191.jpg,0,region_basel_stadt_core_01,2611675.0,1267050.0,block_0012
images/region_basel_stadt_core_01/blc_00192.jpg,0,region_basel_stadt_core_01,2611675.0,1267075.0,block_0012
images/region_basel_stadt_core_01/blc_00193.jpg,0,region_basel_stadt_core_01,2611225.0,1268125.0,block_0013
images/region_basel_stadt_core_01/blc_00194.jpg,0,region_basel_stadt_core_01,2611225.0,1268150.0,block_0013
images/region_basel_stadt_core_01/blc_00195.jpg,0,region_basel_stadt_core_01,2611225.0,1268175.0,block_0013
images/region_basel_stadt_core_01/blc_00196.jpg,0,region_basel_stadt_core_01,2611225.0,1268200.0,block_0013
images/region_basel_stadt_core_01/blc_00197.jpg,0,region_basel_stadt_core_01,2611250.0,1268125.0,block_0013
images/region_basel_stadt_core_01/blc_00198.jpg,0,region_basel_stadt_core_01,2611250.0,1268150.0,block_0013
images/region_basel_stadt_core_01/blc_00199.jpg,0,region_basel_stadt_core_01,2611250.0,1268175.0,block_0013
images/region_basel_stadt_core_01/blc_00200.jpg,0,region_basel_stadt_core_01,2611250.0,1268200.0,block_0013
images/region_basel_stadt_core_01/blc_00201.jpg,0,region_basel_stadt_core_01,2611275.0,1268125.0,block_0013
images/region_basel_stadt_core_01/blc_00202.jpg,0,region_basel_stadt_core_01,2611275.0,1268150.0,block_0013
images/region_basel_stadt_core_01/blc_00203.jpg,0,region_basel_stadt_core_01,2611275.0,1268175.0,block_0013
images/region_basel_stadt_core_01/blc_00204.jpg,0,region_basel_stadt_core_01,2611275.0,1268200.0,block_0013
images/region_basel_stadt_core_01/blc_00205.jpg,0,region_basel_stadt_core_01,2611300.0,1268125.0,block_0013
images/region_basel_stadt_core_01/blc_00206.jpg,0,region_basel_stadt_core_01,2611300.0,1268150.0,block_0013
images/region_basel_stadt_core_01/blc_00207.jpg,0,region_basel_stadt_core_01,2611300.0,1268175.0,block_0013
images/region_basel_stadt_core_01/blc_00208.jpg,0,region_basel_stadt_core_01,2611300.0,1268200.0,block_0013
images/region_basel_stadt_core_01/blc_00209.jpg,0,region_basel_stadt_core_01,2612600.0,1267250.0,block_0014
images/region_basel_stadt_core_01/blc_00210.jpg,0,region_basel_stadt_core_01,2612600.0,1267275.0,block_0014
images/region_basel_stadt_core_01/blc_00211.jpg,0,region_basel_stadt_core_01,2612600.0,1267300.0,block_0014
images/region_basel_stadt_core_01/blc_00212.jpg,0,region_basel_stadt_core_01,2612600.0,1267325.0,block_0014
images/region_basel_stadt_core_01/blc_00213.jpg,0,region_basel_stadt_core_01,2612625.0,1267250.0,block_0014
images/region_basel_stadt_core_01/blc_00214.jpg,0,region_basel_stadt_core_01,2612625.0,1267275.0,block_0014
images/region_basel_stadt_core_01/blc_00215.jpg,0,region_basel_stadt_core_01,2612625.0,1267300.0,block_0014
images/region_basel_stadt_core_01/blc_00216.jpg,0,region_basel_stadt_core_01,2612625.0,1267325.0,block_0014
images/region_basel_stadt_core_01/blc_00217.jpg,0,region_basel_stadt_core_01,2612650.0,1267250.0,block_0014
images/region_basel_stadt_core_01/blc_00218.jpg,0,region_basel_stadt_core_01,2612650.0,1267275.0,block_0014
images/region_basel_stadt_core_01/blc_00219.jpg,0,region_basel_stadt_core_01,2612650.0,1267300.0,block_0014
images/region_basel_stadt_core_01/blc_00220.jpg,0,region_basel_stadt_core_01,2612650.0,1267325.0,block_0014
images/region_basel_stadt_core_01/blc_00221.jpg,0,region_basel_stadt_core_01,2612675.0,1267250.0,block_0014
images/region_basel_stadt_core_01/blc_00222.jpg,0,region_basel_stadt_core_01,2612675.0,1267275.0,block_0014
images/region_basel_stadt_core_01/blc_00223.jpg,0,region_basel_stadt_core_01,2612675.0,1267300.0,block_0014
images/region_basel_stadt_core_01/blc_00224.jpg,0,region_basel_stadt_core_01,2612675.0,1267325.0,block_0014
images/region_basel_stadt_core_01/blc_00225.jpg,0,region_basel_stadt_core_01,2611625.0,1268500.0,block_0015
images/region_basel_stadt_core_01/blc_00226.jpg,0,region_basel_stadt_core_01,2611625.0,1268525.0,block_0015
images/region_basel_stadt_core_01/blc_00227.jpg,0,region_basel_stadt_core_01,2611625.0,1268550.0,block_0015
images/region_basel_stadt_core_01/blc_00228.jpg,0,region_basel_stadt_core_01,2611625.0,1268575.0,block_0015
images/region_basel_stadt_core_01/blc_00229.jpg,0,region_basel_stadt_core_01,2611650.0,1268500.0,block_0015
images/region_basel_stadt_core_01/blc_00230.jpg,0,region_basel_stadt_core_01,2611650.0,1268525.0,block_0015
images/region_basel_stadt_core_01/blc_00231.jpg,0,region_basel_stadt_core_01,2611650.0,1268550.0,block_0015
images/region_basel_stadt_core_01/blc_00232.jpg,0,region_basel_stadt_core_01,2611650.0,1268575.0,block_0015
images/region_basel_stadt_core_01/blc_00233.jpg,0,region_basel_stadt_core_01,2611675.0,1268500.0,block_0015
images/region_basel_stadt_core_01/blc_00234.jpg,0,region_basel_stadt_core_01,2611675.0,1268525.0,block_0015
images/region_basel_stadt_core_01/blc_00235.jpg,0,region_basel_stadt_core_01,2611675.0,1268550.0,block_0015
images/region_basel_stadt_core_01/blc_00236.jpg,0,region_basel_stadt_core_01,2611675.0,1268575.0,block_0015
images/region_basel_stadt_core_01/blc_00237.jpg,0,region_basel_stadt_core_01,2611700.0,1268500.0,block_0015
images/region_basel_stadt_core_01/blc_00238.jpg,0,region_basel_stadt_core_01,2611700.0,1268525.0,block_0015
images/region_basel_stadt_core_01/blc_00239.jpg,0,region_basel_stadt_core_01,2611700.0,1268550.0,block_0015
images/region_basel_stadt_core_01/blc_00240.jpg,0,region_basel_stadt_core_01,2611700.0,1268575.0,block_0015
images/region_basel_stadt_core_01/blc_00241.jpg,0,region_basel_stadt_core_01,2612275.0,1267200.0,block_0016
images/region_basel_stadt_core_01/blc_00242.jpg,0,region_basel_stadt_core_01,2612275.0,1267225.0,block_0016
images/region_basel_stadt_core_01/blc_00243.jpg,0,region_basel_stadt_core_01,2612275.0,1267250.0,block_0016
images/region_basel_stadt_core_01/blc_00244.jpg,0,region_basel_stadt_core_01,2612275.0,1267275.0,block_0016
images/region_basel_stadt_core_01/blc_00245.jpg,0,region_basel_stadt_core_01,2612300.0,1267200.0,block_0016
images/region_basel_stadt_core_01/blc_00246.jpg,0,region_basel_stadt_core_01,2612300.0,1267225.0,block_0016
images/region_basel_stadt_core_01/blc_00247.jpg,0,region_basel_stadt_core_01,2612300.0,1267250.0,block_0016
images/region_basel_stadt_core_01/blc_00248.jpg,0,region_basel_stadt_core_01,2612300.0,1267275.0,block_0016
images/region_basel_stadt_core_01/blc_00249.jpg,0,region_basel_stadt_core_01,2612325.0,1267200.0,block_0016
images/region_basel_stadt_core_01/blc_00250.jpg,0,region_basel_stadt_core_01,2612325.0,1267225.0,block_0016
images/region_basel_stadt_core_01/blc_00251.jpg,0,region_basel_stadt_core_01,2612325.0,1267250.0,block_0016
images/region_basel_stadt_core_01/blc_00252.jpg,0,region_basel_stadt_core_01,2612325.0,1267275.0,block_0016
images/region_basel_stadt_core_01/blc_00253.jpg,0,region_basel_stadt_core_01,2612350.0,1267200.0,block_0016
images/region_basel_stadt_core_01/blc_00254.jpg,0,region_basel_stadt_core_01,2612350.0,1267225.0,block_0016
images/region_basel_stadt_core_01/blc_00255.jpg,0,region_basel_stadt_core_01,2612350.0,1267250.0,block_0016
images/region_basel_stadt_core_01/blc_00256.jpg,0,region_basel_stadt_core_01,2612350.0,1267275.0,block_0016
images/region_basel_stadt_core_01/blc_00257.jpg,0,region_basel_stadt_core_01,2611175.0,1267100.0,block_0017
images/region_basel_stadt_core_01/blc_00258.jpg,0,region_basel_stadt_core_01,2611175.0,1267125.0,block_0017
images/region_basel_stadt_core_01/blc_00259.jpg,0,region_basel_stadt_core_01,2611175.0,1267150.0,block_0017
images/region_basel_stadt_core_01/blc_00260.jpg,0,region_basel_stadt_core_01,2611175.0,1267175.0,block_0017
images/region_basel_stadt_core_01/blc_00261.jpg,0,region_basel_stadt_core_01,2611200.0,1267100.0,block_0017
images/region_basel_stadt_core_01/blc_00262.jpg,0,region_basel_stadt_core_01,2611200.0,1267125.0,block_0017
images/region_basel_stadt_core_01/blc_00263.jpg,0,region_basel_stadt_core_01,2611200.0,1267150.0,block_0017
images/region_basel_stadt_core_01/blc_00264.jpg,0,region_basel_stadt_core_01,2611200.0,1267175.0,block_0017
images/region_basel_stadt_core_01/blc_00265.jpg,0,region_basel_stadt_core_01,2611225.0,1267100.0,block_0017
images/region_basel_stadt_core_01/blc_00266.jpg,0,region_basel_stadt_core_01,2611225.0,1267125.0,block_0017
images/region_basel_stadt_core_01/blc_00267.jpg,0,region_basel_stadt_core_01,2611225.0,1267150.0,block_0017
images/region_basel_stadt_core_01/blc_00268.jpg,0,region_basel_stadt_core_01,2611225.0,1267175.0,block_0017
images/region_basel_stadt_core_01/blc_00269.jpg,0,region_basel_stadt_core_01,2611250.0,1267100.0,block_0017
images/region_basel_stadt_core_01/blc_00270.jpg,0,region_basel_stadt_core_01,2611250.0,1267125.0,block_0017
images/region_basel_stadt_core_01/blc_00271.jpg,0,region_basel_stadt_core_01,2611250.0,1267150.0,block_0017
images/region_basel_stadt_core_01/blc_00272.jpg,0,region_basel_stadt_core_01,2611250.0,1267175.0,block_0017
images/region_basel_stadt_core_01/blc_00273.jpg,0,region_basel_stadt_core_01,2612075.0,1267950.0,block_0018
images/region_basel_stadt_core_01/blc_00274.jpg,0,region_basel_stadt_core_01,2612075.0,1267975.0,block_0018
images/region_basel_stadt_core_01/blc_00275.jpg,0,region_basel_stadt_core_01,2612075.0,1268000.0,block_0018
images/region_basel_stadt_core_01/blc_00276.jpg,0,region_basel_stadt_core_01,2612075.0,1268025.0,block_0018
images/region_basel_stadt_core_01/blc_00277.jpg,0,region_basel_stadt_core_01,2612100.0,1267950.0,block_0018
images/region_basel_stadt_core_01/blc_00278.jpg,0,region_basel_stadt_core_01,2612100.0,1267975.0,block_0018
images/region_basel_stadt_core_01/blc_00279.jpg,0,region_basel_stadt_core_01,2612100.0,1268000.0,block_0018
images/region_basel_stadt_core_01/blc_00280.jpg,0,region_basel_stadt_core_01,2612100.0,1268025.0,block_0018
images/region_basel_stadt_core_01/blc_00281.jpg,0,region_basel_stadt_core_01,2612125.0,1267950.0,block_0018
images/region_basel_stadt_core_01/blc_00282.jpg,0,region_basel_stadt_core_01,2612125.0,1267975.0,block_0018
images/region_basel_stadt_core_01/blc_00283.jpg,0,region_basel_stadt_core_01,2612125.0,1268000.0,block_0018
images/region_basel_stadt_core_01/blc_00284.jpg,0,region_basel_stadt_core_01,2612125.0,1268025.0,block_0018
images/region_basel_stadt_core_01/blc_00285.jpg,0,region_basel_stadt_core_01,2612150.0,1267950.0,block_0018
images/region_basel_stadt_core_01/blc_00286.jpg,1,region_basel_stadt_core_01,2612150.0,1267975.0,block_0018
images/region_basel_stadt_core_01/blc_00287.jpg,0,region_basel_stadt_core_01,2612150.0,1268000.0,block_0018
images/region_basel_stadt_core_01/blc_00288.jpg,0,region_basel_stadt_core_01,2612150.0,1268025.0,block_0018
images/region_basel_stadt_core_01/blc_00289.jpg,0,region_basel_stadt_core_01,2612250.0,1268475.0,block_0019
images/region_basel_stadt_core_01/blc_00290.jpg,0,region_basel_stadt_core_01,2612250.0,1268500.0,block_0019
images/region_basel_stadt_core_01/blc_00291.jpg,0,region_basel_stadt_core_01,2612250.0,1268525.0,block_0019
images/region_basel_stadt_core_01/blc_00292.jpg,0,region_basel_stadt_core_01,2612250.0,1268550.0,block_0019
images/region_basel_stadt_core_01/blc_00293.jpg,0,region_basel_stadt_core_01,2612275.0,1268475.0,block_0019
images/region_basel_stadt_core_01/blc_00294.jpg,0,region_basel_stadt_core_01,2612275.0,1268500.0,block_0019
images/region_basel_stadt_core_01/blc_00295.jpg,0,region_basel_stadt_core_01,2612275.0,1268525.0,block_0019
images/region_basel_stadt_core_01/blc_00296.jpg,0,region_basel_stadt_core_01,2612275.0,1268550.0,block_0019
images/region_basel_stadt_core_01/blc_00297.jpg,0,region_basel_stadt_core_01,2612300.0,1268475.0,block_0019
images/region_basel_stadt_core_01/blc_00298.jpg,0,region_basel_stadt_core_01,2612300.0,1268500.0,block_0019
images/region_basel_stadt_core_01/blc_00299.jpg,0,region_basel_stadt_core_01,2612300.0,1268525.0,block_0019
images/region_basel_stadt_core_01/blc_00300.jpg,0,region_basel_stadt_core_01,2612300.0,1268550.0,block_0019
images/region_basel_stadt_core_01/blc_00301.jpg,0,region_basel_stadt_core_01,2612325.0,1268475.0,block_0019
images/region_basel_stadt_core_01/blc_00302.jpg,0,region_basel_stadt_core_01,2612325.0,1268500.0,block_0019
images/region_basel_stadt_core_01/blc_00303.jpg,0,region_basel_stadt_core_01,2612325.0,1268525.0,block_0019
images/region_basel_stadt_core_01/blc_00304.jpg,1,region_basel_stadt_core_01,2612325.0,1268550.0,block_0019
images/region_basel_stadt_core_01/blc_00305.jpg,0,region_basel_stadt_core_01,2611775.0,1268325.0,block_0020
images/region_basel_stadt_core_01/blc_00306.jpg,0,region_basel_stadt_core_01,2611775.0,1268350.0,block_0020
images/region_basel_stadt_core_01/blc_00307.jpg,0,region_basel_stadt_core_01,2611775.0,1268375.0,block_0020
images/region_basel_stadt_core_01/blc_00308.jpg,0,region_basel_stadt_core_01,2611775.0,1268400.0,block_0020
images/region_basel_stadt_core_01/blc_00309.jpg,0,region_basel_stadt_core_01,2611800.0,1268325.0,block_0020
images/region_basel_stadt_core_01/blc_00310.jpg,0,region_basel_stadt_core_01,2611800.0,1268350.0,block_0020
images/region_basel_stadt_core_01/blc_00311.jpg,0,region_basel_stadt_core_01,2611800.0,1268375.0,block_0020
images/region_basel_stadt_core_01/blc_00312.jpg,0,region_basel_stadt_core_01,2611800.0,1268400.0,block_0020
images/region_basel_stadt_core_01/blc_00313.jpg,0,region_basel_stadt_core_01,2611825.0,1268325.0,block_0020
images/region_basel_stadt_core_01/blc_00314.jpg,0,region_basel_stadt_core_01,2611825.0,1268350.0,block_0020
images/region_basel_stadt_core_01/blc_00315.jpg,0,region_basel_stadt_core_01,2611825.0,1268375.0,block_0020
images/region_basel_stadt_core_01/blc_00316.jpg,0,region_basel_stadt_core_01,2611825.0,1268400.0,block_0020
images/region_basel_stadt_core_01/blc_00317.jpg,0,region_basel_stadt_core_01,2611850.0,1268325.0,block_0020
images/region_basel_stadt_core_01/blc_00318.jpg,0,region_basel_stadt_core_01,2611850.0,1268350.0,block_0020
images/region_basel_stadt_core_01/blc_00319.jpg,0,region_basel_stadt_core_01,2611850.0,1268375.0,block_0020
images/region_basel_stadt_core_01/blc_00320.jpg,0,region_basel_stadt_core_01,2611850.0,1268400.0,block_0020
images/region_basel_stadt_core_01/blc_00321.jpg,0,region_basel_stadt_core_01,2611100.0,1267775.0,block_0021
images/region_basel_stadt_core_01/blc_00322.jpg,0,region_basel_stadt_core_01,2611100.0,1267800.0,block_0021
images/region_basel_stadt_core_01/blc_00323.jpg,0,region_basel_stadt_core_01,2611100.0,1267825.0,block_0021
images/region_basel_stadt_core_01/blc_00324.jpg,1,region_basel_stadt_core_01,2611100.0,1267850.0,block_0021
images/region_basel_stadt_core_01/blc_00325.jpg,0,region_basel_stadt_core_01,2611125.0,1267775.0,block_0021
images/region_basel_stadt_core_01/blc_00326.jpg,0,region_basel_stadt_core_01,2611125.0,1267800.0,block_0021
images/region_basel_stadt_core_01/blc_00327.jpg,0,region_basel_stadt_core_01,2611125.0,1267825.0,block_0021
images/region_basel_stadt_core_01/blc_00328.jpg,0,region_basel_stadt_core_01,2611125.0,1267850.0,block_0021
images/region_basel_stadt_core_01/blc_00329.jpg,0,region_basel_stadt_core_01,2611150.0,1267775.0,block_0021
images/region_basel_stadt_core_01/blc_00330.jpg,0,region_basel_stadt_core_01,2611150.0,1267800.0,block_0021
images/region_basel_stadt_core_01/blc_00331.jpg,0,region_basel_stadt_core_01,2611150.0,1267825.0,block_0021
images/region_basel_stadt_core_01/blc_00332.jpg,0,region_basel_stadt_core_01,2611150.0,1267850.0,block_0021
images/region_basel_stadt_core_01/blc_00333.jpg,1,region_basel_stadt_core_01,2611175.0,1267775.0,block_0021
images/region_basel_stadt_core_01/blc_00334.jpg,0,region_basel_stadt_core_01,2611175.0,1267800.0,block_0021
images/region_basel_stadt_core_01/blc_00335.jpg,0,region_basel_stadt_core_01,2611175.0,1267825.0,block_0021
images/region_basel_stadt_core_01/blc_00336.jpg,0,region_basel_stadt_core_01,2611175.0,1267850.0,block_0021
images/region_basel_stadt_core_01/blc_00337.jpg,0,region_basel_stadt_core_01,2612175.0,1267200.0,block_0022
images/region_basel_stadt_core_01/blc_00338.jpg,0,region_basel_stadt_core_01,2612175.0,1267225.0,block_0022
images/region_basel_stadt_core_01/blc_00339.jpg,0,region_basel_stadt_core_01,2612175.0,1267250.0,block_0022
images/region_basel_stadt_core_01/blc_00340.jpg,0,region_basel_stadt_core_01,2612175.0,1267275.0,block_0022
images/region_basel_stadt_core_01/blc_00341.jpg,0,region_basel_stadt_core_01,2612200.0,1267200.0,block_0022
images/region_basel_stadt_core_01/blc_00342.jpg,0,region_basel_stadt_core_01,2612200.0,1267225.0,block_0022
images/region_basel_stadt_core_01/blc_00343.jpg,0,region_basel_stadt_core_01,2612200.0,1267250.0,block_0022
images/region_basel_stadt_core_01/blc_00344.jpg,0,region_basel_stadt_core_01,2612200.0,1267275.0,block_0022
images/region_basel_stadt_core_01/blc_00345.jpg,0,region_basel_stadt_core_01,2612225.0,1267200.0,block_0022
images/region_basel_stadt_core_01/blc_00346.jpg,0,region_basel_stadt_core_01,2612225.0,1267225.0,block_0022
images/region_basel_stadt_core_01/blc_00347.jpg,0,region_basel_stadt_core_01,2612225.0,1267250.0,block_0022
images/region_basel_stadt_core_01/blc_00348.jpg,0,region_basel_stadt_core_01,2612225.0,1267275.0,block_0022
images/region_basel_stadt_core_01/blc_00349.jpg,0,region_basel_stadt_core_01,2612250.0,1267200.0,block_0022
images/region_basel_stadt_core_01/blc_00350.jpg,0,region_basel_stadt_core_01,2612250.0,1267225.0,block_0022
images/region_basel_stadt_core_01/blc_00351.jpg,0,region_basel_stadt_core_01,2612250.0,1267250.0,block_0022
images/region_basel_stadt_core_01/blc_00352.jpg,0,region_basel_stadt_core_01,2612250.0,1267275.0,block_0022
images/region_basel_stadt_core_01/blc_00353.jpg,0,region_basel_stadt_core_01,2612475.0,1267250.0,block_0023
images/region_basel_stadt_core_01/blc_00354.jpg,0,region_basel_stadt_core_01,2612475.0,1267275.0,block_0023
images/region_basel_stadt_core_01/blc_00355.jpg,0,region_basel_stadt_core_01,2612475.0,1267300.0,block_0023
images/region_basel_stadt_core_01/blc_00356.jpg,0,region_basel_stadt_core_01,2612475.0,1267325.0,block_0023
images/region_basel_stadt_core_01/blc_00357.jpg,0,region_basel_stadt_core_01,2612500.0,1267250.0,block_0023
images/region_basel_stadt_core_01/blc_00358.jpg,0,region_basel_stadt_core_01,2612500.0,1267275.0,block_0023
images/region_basel_stadt_core_01/blc_00359.jpg,0,region_basel_stadt_core_01,2612500.0,1267300.0,block_0023
images/region_basel_stadt_core_01/blc_00360.jpg,0,region_basel_stadt_core_01,2612500.0,1267325.0,block_0023
images/region_basel_stadt_core_01/blc_00361.jpg,0,region_basel_stadt_core_01,2612525.0,1267250.0,block_0023
images/region_basel_stadt_core_01/blc_00362.jpg,0,region_basel_stadt_core_01,2612525.0,1267275.0,block_0023
images/region_basel_stadt_core_01/blc_00363.jpg,0,region_basel_stadt_core_01,2612525.0,1267300.0,block_0023
images/region_basel_stadt_core_01/blc_00364.jpg,0,region_basel_stadt_core_01,2612525.0,1267325.0,block_0023
images/region_basel_stadt_core_01/blc_00365.jpg,0,region_basel_stadt_core_01,2612550.0,1267250.0,block_0023
images/region_basel_stadt_core_01/blc_00366.jpg,0,region_basel_stadt_core_01,2612550.0,1267275.0,block_0023
images/region_basel_stadt_core_01/blc_00367.jpg,0,region_basel_stadt_core_01,2612550.0,1267300.0,block_0023
images/region_basel_stadt_core_01/blc_00368.jpg,0,region_basel_stadt_core_01,2612550.0,1267325.0,block_0023
images/region_basel_stadt_core_01/blc_00369.jpg,0,region_basel_stadt_core_01,2611925.0,1267650.0,block_0024
images/region_basel_stadt_core_01/blc_00370.jpg,0,region_basel_stadt_core_01,2611925.0,1267675.0,block_0024
images/region_basel_stadt_core_01/blc_00371.jpg,1,region_basel_stadt_core_01,2611925.0,1267700.0,block_0024
images/region_basel_stadt_core_01/blc_00372.jpg,0,region_basel_stadt_core_01,2611925.0,1267725.0,block_0024
images/region_basel_stadt_core_01/blc_00373.jpg,0,region_basel_stadt_core_01,2611950.0,1267650.0,block_0024
images/region_basel_stadt_core_01/blc_00374.jpg,0,region_basel_stadt_core_01,2611950.0,1267675.0,block_0024
images/region_basel_stadt_core_01/blc_00375.jpg,0,region_basel_stadt_core_01,2611950.0,1267700.0,block_0024
images/region_basel_stadt_core_01/blc_00376.jpg,0,region_basel_stadt_core_01,2611950.0,1267725.0,block_0024
images/region_basel_stadt_core_01/blc_00377.jpg,0,region_basel_stadt_core_01,2611975.0,1267650.0,block_0024
images/region_basel_stadt_core_01/blc_00378.jpg,0,region_basel_stadt_core_01,2611975.0,1267675.0,block_0024
images/region_basel_stadt_core_01/blc_00379.jpg,0,region_basel_stadt_core_01,2611975.0,1267700.0,block_0024
images/region_basel_stadt_core_01/blc_00380.jpg,0,region_basel_stadt_core_01,2611975.0,1267725.0,block_0024
images/region_basel_stadt_core_01/blc_00381.jpg,1,region_basel_stadt_core_01,2612000.0,1267650.0,block_0024
images/region_basel_stadt_core_01/blc_00382.jpg,0,region_basel_stadt_core_01,2612000.0,1267675.0,block_0024
images/region_basel_stadt_core_01/blc_00383.jpg,0,region_basel_stadt_core_01,2612000.0,1267700.0,block_0024
images/region_basel_stadt_core_01/blc_00384.jpg,0,region_basel_stadt_core_01,2612000.0,1267725.0,block_0024
images/region_basel_stadt_core_01/blc_00385.jpg,0,region_basel_stadt_core_01,2611250.0,1267325.0,block_0025
images/region_basel_stadt_core_01/blc_00386.jpg,0,region_basel_stadt_core_01,2611250.0,1267350.0,block_0025
images/region_basel_stadt_core_01/blc_00387.jpg,0,region_basel_stadt_core_01,2611250.0,1267375.0,block_0025
images/region_basel_stadt_core_01/blc_00388.jpg,0,region_basel_stadt_core_01,2611250.0,1267400.0,block_0025
images/region_basel_stadt_core_01/blc_00389.jpg,0,region_basel_stadt_core_01,2611275.0,1267325.0,block_0025
images/region_basel_stadt_core_01/blc_00390.jpg,0,region_basel_stadt_core_01,2611275.0,1267350.0,block_0025
images/region_basel_stadt_core_01/blc_00391.jpg,0,region_basel_stadt_core_01,2611275.0,1267375.0,block_0025
images/region_basel_stadt_core_01/blc_00392.jpg,0,region_basel_stadt_core_01,2611275.0,1267400.0,block_0025
images/region_basel_stadt_core_01/blc_00393.jpg,0,region_basel_stadt_core_01,2611300.0,1267325.0,block_0025
images/region_basel_stadt_core_01/blc_00394.jpg,0,region_basel_stadt_core_01,2611300.0,1267350.0,block_0025
images/region_basel_stadt_core_01/blc_00395.jpg,0,region_basel_stadt_core_01,2611300.0,1267375.0,block_0025
images/region_basel_stadt_core_01/blc_00396.jpg,0,region_basel_stadt_core_01,2611300.0,1267400.0,block_0025
images/region_basel_stadt_core_01/blc_00397.jpg,0,region_basel_stadt_core_01,2611325.0,1267325.0,block_0025
images/region_basel_stadt_core_01/blc_00398.jpg,0,region_basel_stadt_core_01,2611325.0,1267350.0,block_0025
images/region_basel_stadt_core_01/blc_00399.jpg,0,region_basel_stadt_core_01,2611325.0,1267375.0,block_0025
images/region_basel_stadt_core_01/blc_00400.jpg,0,region_basel_stadt_core_01,2611325.0,1267400.0,block_0025
images/region_basel_stadt_core_01/blc_00401.jpg,0,region_basel_stadt_core_01,2612275.0,1268675.0,block_0026
images/region_basel_stadt_core_01/blc_00402.jpg,1,region_basel_stadt_core_01,2612275.0,1268700.0,block_0026
images/region_basel_stadt_core_01/blc_00403.jpg,0,region_basel_stadt_core_01,2612275.0,1268725.0,block_0026
images/region_basel_stadt_core_01/blc_00404.jpg,0,region_basel_stadt_core_01,2612275.0,1268750.0,block_0026
images/region_basel_stadt_core_01/blc_00405.jpg,0,region_basel_stadt_core_01,2612300.0,1268675.0,block_0026
images/region_basel_stadt_core_01/blc_00406.jpg,1,region_basel_stadt_core_01,2612300.0,1268700.0,block_0026
images/region_basel_stadt_core_01/blc_00407.jpg,0,region_basel_stadt_core_01,2612300.0,1268725.0,block_0026
images/region_basel_stadt_core_01/blc_00408.jpg,0,region_basel_stadt_core_01,2612300.0,1268750.0,block_0026
images/region_basel_stadt_core_01/blc_00409.jpg,0,region_basel_stadt_core_01,2612325.0,1268675.0,block_0026
images/region_basel_stadt_core_01/blc_00410.jpg,0,region_basel_stadt_core_01,2612325.0,1268700.0,block_0026
images/region_basel_stadt_core_01/blc_00411.jpg,0,region_basel_stadt_core_01,2612325.0,1268725.0,block_0026
images/region_basel_stadt_core_01/blc_00412.jpg,0,region_basel_stadt_core_01,2612325.0,1268750.0,block_0026
images/region_basel_stadt_core_01/blc_00413.jpg,0,region_basel_stadt_core_01,2612350.0,1268675.0,block_0026
images/region_basel_stadt_core_01/blc_00414.jpg,0,region_basel_stadt_core_01,2612350.0,1268700.0,block_0026
images/region_basel_stadt_core_01/blc_00415.jpg,0,region_basel_stadt_core_01,2612350.0,1268725.0,block_0026
images/region_basel_stadt_core_01/blc_00416.jpg,0,region_basel_stadt_core_01,2612350.0,1268750.0,block_0026
images/region_basel_stadt_core_01/blc_00417.jpg,0,region_basel_stadt_core_01,2611625.0,1267275.0,block_0027
images/region_basel_stadt_core_01/blc_00418.jpg,0,region_basel_stadt_core_01,2611625.0,1267300.0,block_0027
images/region_basel_stadt_core_01/blc_00419.jpg,0,region_basel_stadt_core_01,2611625.0,1267325.0,block_0027
images/region_basel_stadt_core_01/blc_00420.jpg,0,region_basel_stadt_core_01,2611625.0,1267350.0,block_0027
images/region_basel_stadt_core_01/blc_00421.jpg,0,region_basel_stadt_core_01,2611650.0,1267275.0,block_0027
images/region_basel_stadt_core_01/blc_00422.jpg,0,region_basel_stadt_core_01,2611650.0,1267300.0,block_0027
images/region_basel_stadt_core_01/blc_00423.jpg,0,region_basel_stadt_core_01,2611650.0,1267325.0,block_0027
images/region_basel_stadt_core_01/blc_00424.jpg,0,region_basel_stadt_core_01,2611650.0,1267350.0,block_0027
images/region_basel_stadt_core_01/blc_00425.jpg,0,region_basel_stadt_core_01,2611675.0,1267275.0,block_0027
images/region_basel_stadt_core_01/blc_00426.jpg,0,region_basel_stadt_core_01,2611675.0,1267300.0,block_0027
images/region_basel_stadt_core_01/blc_00427.jpg,0,region_basel_stadt_core_01,2611675.0,1267325.0,block_0027
images/region_basel_stadt_core_01/blc_00428.jpg,0,region_basel_stadt_core_01,2611675.0,1267350.0,block_0027
images/region_basel_stadt_core_01/blc_00429.jpg,0,region_basel_stadt_core_01,2611700.0,1267275.0,block_0027
images/region_basel_stadt_core_01/blc_00430.jpg,0,region_basel_stadt_core_01,2611700.0,1267300.0,block_0027
images/region_basel_stadt_core_01/blc_00431.jpg,0,region_basel_stadt_core_01,2611700.0,1267325.0,block_0027
images/region_basel_stadt_core_01/blc_00432.jpg,0,region_basel_stadt_core_01,2611700.0,1267350.0,block_0027
images/region_basel_stadt_core_01/blc_00433.jpg,0,region_basel_stadt_core_01,2611875.0,1267175.0,block_0028
images/region_basel_stadt_core_01/blc_00434.jpg,0,region_basel_stadt_core_01,2611875.0,1267200.0,block_0028
images/region_basel_stadt_core_01/blc_00435.jpg,0,region_basel_stadt_core_01,2611875.0,1267225.0,block_0028
images/region_basel_stadt_core_01/blc_00436.jpg,0,region_basel_stadt_core_01,2611875.0,1267250.0,block_0028
images/region_basel_stadt_core_01/blc_00437.jpg,0,region_basel_stadt_core_01,2611900.0,1267175.0,block_0028
images/region_basel_stadt_core_01/blc_00438.jpg,0,region_basel_stadt_core_01,2611900.0,1267200.0,block_0028
images/region_basel_stadt_core_01/blc_00439.jpg,0,region_basel_stadt_core_01,2611900.0,1267225.0,block_0028
images/region_basel_stadt_core_01/blc_00440.jpg,0,region_basel_stadt_core_01,2611900.0,1267250.0,block_0028
images/region_basel_stadt_core_01/blc_00441.jpg,0,region_basel_stadt_core_01,2611925.0,1267175.0,block_0028
images/region_basel_stadt_core_01/blc_00442.jpg,0,region_basel_stadt_core_01,2611925.0,1267200.0,block_0028
images/region_basel_stadt_core_01/blc_00443.jpg,0,region_basel_stadt_core_01,2611925.0,1267225.0,block_0028
images/region_basel_stadt_core_01/blc_00444.jpg,0,region_basel_stadt_core_01,2611925.0,1267250.0,block_0028
images/region_basel_stadt_core_01/blc_00445.jpg,0,region_basel_stadt_core_01,2611950.0,1267175.0,block_0028
images/region_basel_stadt_core_01/blc_00446.jpg,0,region_basel_stadt_core_01,2611950.0,1267200.0,block_0028
images/region_basel_stadt_core_01/blc_00447.jpg,0,region_basel_stadt_core_01,2611950.0,1267225.0,block_0028
images/region_basel_stadt_core_01/blc_00448.jpg,0,region_basel_stadt_core_01,2611950.0,1267250.0,block_0028
images/region_basel_stadt_core_01/blc_00449.jpg,0,region_basel_stadt_core_01,2611625.0,1267575.0,block_0029
images/region_basel_stadt_core_01/blc_00450.jpg,0,region_basel_stadt_core_01,2611625.0,1267600.0,block_0029
images/region_basel_stadt_core_01/blc_00451.jpg,0,region_basel_stadt_core_01,2611625.0,1267625.0,block_0029
images/region_basel_stadt_core_01/blc_00452.jpg,0,region_basel_stadt_core_01,2611625.0,1267650.0,block_0029
images/region_basel_stadt_core_01/blc_00453.jpg,0,region_basel_stadt_core_01,2611650.0,1267575.0,block_0029
images/region_basel_stadt_core_01/blc_00454.jpg,0,region_basel_stadt_core_01,2611650.0,1267600.0,block_0029
images/region_basel_stadt_core_01/blc_00455.jpg,0,region_basel_stadt_core_01,2611650.0,1267625.0,block_0029
images/region_basel_stadt_core_01/blc_00456.jpg,0,region_basel_stadt_core_01,2611650.0,1267650.0,block_0029
images/region_basel_stadt_core_01/blc_00457.jpg,0,region_basel_stadt_core_01,2611675.0,1267575.0,block_0029
images/region_basel_stadt_core_01/blc_00458.jpg,0,region_basel_stadt_core_01,2611675.0,1267600.0,block_0029
images/region_basel_stadt_core_01/blc_00459.jpg,0,region_basel_stadt_core_01,2611675.0,1267625.0,block_0029
images/region_basel_stadt_core_01/blc_00460.jpg,0,region_basel_stadt_core_01,2611675.0,1267650.0,block_0029
images/region_basel_stadt_core_01/blc_00461.jpg,0,region_basel_stadt_core_01,2611700.0,1267575.0,block_0029
images/region_basel_stadt_core_01/blc_00462.jpg,0,region_basel_stadt_core_01,2611700.0,1267600.0,block_0029
images/region_basel_stadt_core_01/blc_00463.jpg,0,region_basel_stadt_core_01,2611700.0,1267625.0,block_0029
images/region_basel_stadt_core_01/blc_00464.jpg,0,region_basel_stadt_core_01,2611700.0,1267650.0,block_0029
images/region_basel_stadt_core_01/blc_00465.jpg,1,region_basel_stadt_core_01,2612075.0,1268125.0,block_0030
images/region_basel_stadt_core_01/blc_00466.jpg,0,region_basel_stadt_core_01,2612075.0,1268150.0,block_0030
images/region_basel_stadt_core_01/blc_00467.jpg,0,region_basel_stadt_core_01,2612075.0,1268175.0,block_0030
images/region_basel_stadt_core_01/blc_00468.jpg,0,region_basel_stadt_core_01,2612075.0,1268200.0,block_0030
images/region_basel_stadt_core_01/blc_00469.jpg,0,region_basel_stadt_core_01,2612100.0,1268125.0,block_0030
images/region_basel_stadt_core_01/blc_00470.jpg,0,region_basel_stadt_core_01,2612100.0,1268150.0,block_0030
images/region_basel_stadt_core_01/blc_00471.jpg,0,region_basel_stadt_core_01,2612100.0,1268175.0,block_0030
images/region_basel_stadt_core_01/blc_00472.jpg,0,region_basel_stadt_core_01,2612100.0,1268200.0,block_0030
images/region_basel_stadt_core_01/blc_00473.jpg,0,region_basel_stadt_core_01,2612125.0,1268125.0,block_0030
images/region_basel_stadt_core_01/blc_00474.jpg,0,region_basel_stadt_core_01,2612125.0,1268150.0,block_0030
images/region_basel_stadt_core_01/blc_00475.jpg,0,region_basel_stadt_core_01,2612125.0,1268175.0,block_0030
images/region_basel_stadt_core_01/blc_00476.jpg,0,region_basel_stadt_core_01,2612125.0,1268200.0,block_0030
images/region_basel_stadt_core_01/blc_00477.jpg,0,region_basel_stadt_core_01,2612150.0,1268125.0,block_0030
images/region_basel_stadt_core_01/blc_00478.jpg,0,region_basel_stadt_core_01,2612150.0,1268150.0,block_0030
images/region_basel_stadt_core_01/blc_00479.jpg,0,region_basel_stadt_core_01,2612150.0,1268175.0,block_0030
images/region_basel_stadt_core_01/blc_00480.jpg,0,region_basel_stadt_core_01,2612150.0,1268200.0,block_0030
images/region_basel_stadt_core_01/blc_00481.jpg,0,region_basel_stadt_core_01,2611825.0,1267000.0,block_0031
images/region_basel_stadt_core_01/blc_00482.jpg,0,region_basel_stadt_core_01,2611825.0,1267025.0,block_0031
images/region_basel_stadt_core_01/blc_00483.jpg,0,region_basel_stadt_core_01,2611825.0,1267050.0,block_0031
images/region_basel_stadt_core_01/blc_00484.jpg,0,region_basel_stadt_core_01,2611825.0,1267075.0,block_0031
images/region_basel_stadt_core_01/blc_00485.jpg,0,region_basel_stadt_core_01,2611850.0,1267000.0,block_0031
images/region_basel_stadt_core_01/blc_00486.jpg,0,region_basel_stadt_core_01,2611850.0,1267025.0,block_0031
images/region_basel_stadt_core_01/blc_00487.jpg,0,region_basel_stadt_core_01,2611850.0,1267050.0,block_0031
images/region_basel_stadt_core_01/blc_00488.jpg,0,region_basel_stadt_core_01,2611850.0,1267075.0,block_0031
images/region_basel_stadt_core_01/blc_00489.jpg,0,region_basel_stadt_core_01,2611875.0,1267000.0,block_0031
images/region_basel_stadt_core_01/blc_00490.jpg,0,region_basel_stadt_core_01,2611875.0,1267025.0,block_0031
images/region_basel_stadt_core_01/blc_00491.jpg,0,region_basel_stadt_core_01,2611875.0,1267050.0,block_0031
images/region_basel_stadt_core_01/blc_00492.jpg,0,region_basel_stadt_core_01,2611875.0,1267075.0,block_0031
images/region_basel_stadt_core_01/blc_00493.jpg,0,region_basel_stadt_core_01,2611900.0,1267000.0,block_0031
images/region_basel_stadt_core_01/blc_00494.jpg,0,region_basel_stadt_core_01,2611900.0,1267025.0,block_0031
images/region_basel_stadt_core_01/blc_00495.jpg,0,region_basel_stadt_core_01,2611900.0,1267050.0,block_0031
images/region_basel_stadt_core_01/blc_00496.jpg,0,region_basel_stadt_core_01,2611900.0,1267075.0,block_0031
images/region_basel_stadt_core_01/blc_00497.jpg,0,region_basel_stadt_core_01,2612525.0,1267825.0,block_0032
images/region_basel_stadt_core_01/blc_00498.jpg,0,region_basel_stadt_core_01,2612525.0,1267850.0,block_0032
images/region_basel_stadt_core_01/blc_00499.jpg,0,region_basel_stadt_core_01,2612525.0,1267875.0,block_0032
images/region_basel_stadt_core_01/blc_00500.jpg,0,region_basel_stadt_core_01,2612525.0,1267900.0,block_0032
images/region_basel_stadt_core_01/blc_00501.jpg,0,region_basel_stadt_core_01,2612550.0,1267825.0,block_0032
images/region_basel_stadt_core_01/blc_00502.jpg,0,region_basel_stadt_core_01,2612550.0,1267850.0,block_0032
images/region_basel_stadt_core_01/blc_00503.jpg,0,region_basel_stadt_core_01,2612550.0,1267875.0,block_0032
images/region_basel_stadt_core_01/blc_00504.jpg,0,region_basel_stadt_core_01,2612550.0,1267900.0,block_0032
images/region_basel_stadt_core_01/blc_00505.jpg,0,region_basel_stadt_core_01,2612575.0,1267825.0,block_0032
images/region_basel_stadt_core_01/blc_00506.jpg,0,region_basel_stadt_core_01,2612575.0,1267850.0,block_0032
images/region_basel_stadt_core_01/blc_00507.jpg,0,region_basel_stadt_core_01,2612575.0,1267875.0,block_0032
images/region_basel_stadt_core_01/blc_00508.jpg,0,region_basel_stadt_core_01,2612575.0,1267900.0,block_0032
images/region_basel_stadt_core_01/blc_00509.jpg,0,region_basel_stadt_core_01,2612600.0,1267825.0,block_0032
images/region_basel_stadt_core_01/blc_00510.jpg,0,region_basel_stadt_core_01,2612600.0,1267850.0,block_0032
images/region_basel_stadt_core_01/blc_00511.jpg,0,region_basel_stadt_core_01,2612600.0,1267875.0,block_0032
images/region_basel_stadt_core_01/blc_00512.jpg,0,region_basel_stadt_core_01,2612600.0,1267900.0,block_0032
images/region_basel_stadt_core_01/blc_00513.jpg,0,region_basel_stadt_core_01,2612300.0,1268300.0,block_0033
images/region_basel_stadt_core_01/blc_00514.jpg,0,region_basel_stadt_core_01,2612300.0,1268325.0,block_0033
images/region_basel_stadt_core_01/blc_00515.jpg,0,region_basel_stadt_core_01,2612300.0,1268350.0,block_0033
images/region_basel_stadt_core_01/blc_00516.jpg,0,region_basel_stadt_core_01,2612300.0,1268375.0,block_0033
images/region_basel_stadt_core_01/blc_00517.jpg,0,region_basel_stadt_core_01,2612325.0,1268300.0,block_0033
images/region_basel_stadt_core_01/blc_00518.jpg,0,region_basel_stadt_core_01,2612325.0,1268325.0,block_0033
images/region_basel_stadt_core_01/blc_00519.jpg,0,region_basel_stadt_core_01,2612325.0,1268350.0,block_0033
images/region_basel_stadt_core_01/blc_00520.jpg,0,region_basel_stadt_core_01,2612325.0,1268375.0,block_0033
images/region_basel_stadt_core_01/blc_00521.jpg,0,region_basel_stadt_core_01,2612350.0,1268300.0,block_0033
images/region_basel_stadt_core_01/blc_00522.jpg,0,region_basel_stadt_core_01,2612350.0,1268325.0,block_0033
images/region_basel_stadt_core_01/blc_00523.jpg,0,region_basel_stadt_core_01,2612350.0,1268350.0,block_0033
images/region_basel_stadt_core_01/blc_00524.jpg,0,region_basel_stadt_core_01,2612350.0,1268375.0,block_0033
images/region_basel_stadt_core_01/blc_00525.jpg,0,region_basel_stadt_core_01,2612375.0,1268300.0,block_0033
images/region_basel_stadt_core_01/blc_00526.jpg,0,region_basel_stadt_core_01,2612375.0,1268325.0,block_0033
images/region_basel_stadt_core_01/blc_00527.jpg,0,region_basel_stadt_core_01,2612375.0,1268350.0,block_0033
images/region_basel_stadt_core_01/blc_00528.jpg,1,region_basel_stadt_core_01,2612375.0,1268375.0,block_0033
images/region_basel_stadt_core_01/blc_00529.jpg,0,region_basel_stadt_core_01,2612775.0,1267100.0,block_0034
images/region_basel_stadt_core_01/blc_00530.jpg,0,region_basel_stadt_core_01,2612775.0,1267125.0,block_0034
images/region_basel_stadt_core_01/blc_00531.jpg,0,region_basel_stadt_core_01,2612775.0,1267150.0,block_0034
images/region_basel_stadt_core_01/blc_00532.jpg,0,region_basel_stadt_core_01,2612775.0,1267175.0,block_0034
images/region_basel_stadt_core_01/blc_00533.jpg,0,region_basel_stadt_core_01,2612800.0,1267100.0,block_0034
images/region_basel_stadt_core_01/blc_00534.jpg,0,region_basel_stadt_core_01,2612800.0,1267125.0,block_0034
images/region_basel_stadt_core_01/blc_00535.jpg,0,region_basel_stadt_core_01,2612800.0,1267150.0,block_0034
images/region_basel_stadt_core_01/blc_00536.jpg,0,region_basel_stadt_core_01,2612800.0,1267175.0,block_0034
images/region_basel_stadt_core_01/blc_00537.jpg,0,region_basel_stadt_core_01,2612825.0,1267100.0,block_0034
images/region_basel_stadt_core_01/blc_00538.jpg,0,region_basel_stadt_core_01,2612825.0,1267125.0,block_0034
images/region_basel_stadt_core_01/blc_00539.jpg,0,region_basel_stadt_core_01,2612825.0,1267150.0,block_0034
images/region_basel_stadt_core_01/blc_00540.jpg,0,region_basel_stadt_core_01,2612825.0,1267175.0,block_0034
images/region_basel_stadt_core_01/blc_00541.jpg,0,region_basel_stadt_core_01,2612850.0,1267100.0,block_0034
images/region_basel_stadt_core_01/blc_00542.jpg,0,region_basel_stadt_core_01,2612850.0,1267125.0,block_0034
images/region_basel_stadt_core_01/blc_00543.jpg,0,region_basel_stadt_core_01,2612850.0,1267150.0,block_0034
images/region_basel_stadt_core_01/blc_00544.jpg,0,region_basel_stadt_core_01,2612850.0,1267175.0,block_0034
images/region_basel_stadt_core_01/blc_00545.jpg,0,region_basel_stadt_core_01,2611375.0,1268325.0,block_0035
images/region_basel_stadt_core_01/blc_00546.jpg,0,region_basel_stadt_core_01,2611375.0,1268350.0,block_0035
images/region_basel_stadt_core_01/blc_00547.jpg,0,region_basel_stadt_core_01,2611375.0,1268375.0,block_0035
images/region_basel_stadt_core_01/blc_00548.jpg,0,region_basel_stadt_core_01,2611375.0,1268400.0,block_0035
images/region_basel_stadt_core_01/blc_00549.jpg,0,region_basel_stadt_core_01,2611400.0,1268325.0,block_0035
images/region_basel_stadt_core_01/blc_00550.jpg,0,region_basel_stadt_core_01,2611400.0,1268350.0,block_0035
images/region_basel_stadt_core_01/blc_00551.jpg,0,region_basel_stadt_core_01,2611400.0,1268375.0,block_0035
images/region_basel_stadt_core_01/blc_00552.jpg,0,region_basel_stadt_core_01,2611400.0,1268400.0,block_0035
images/region_basel_stadt_core_01/blc_00553.jpg,0,region_basel_stadt_core_01,2611425.0,1268325.0,block_0035
images/region_basel_stadt_core_01/blc_00554.jpg,0,region_basel_stadt_core_01,2611425.0,1268350.0,block_0035
images/region_basel_stadt_core_01/blc_00555.jpg,0,region_basel_stadt_core_01,2611425.0,1268375.0,block_0035
images/region_basel_stadt_core_01/blc_00556.jpg,0,region_basel_stadt_core_01,2611425.0,1268400.0,block_0035
images/region_basel_stadt_core_01/blc_00557.jpg,0,region_basel_stadt_core_01,2611450.0,1268325.0,block_0035
images/region_basel_stadt_core_01/blc_00558.jpg,0,region_basel_stadt_core_01,2611450.0,1268350.0,block_0035
images/region_basel_stadt_core_01/blc_00559.jpg,0,region_basel_stadt_core_01,2611450.0,1268375.0,block_0035
images/region_basel_stadt_core_01/blc_00560.jpg,1,region_basel_stadt_core_01,2611450.0,1268400.0,block_0035
images/region_basel_stadt_core_01/blc_00561.jpg,0,region_basel_stadt_core_01,2611350.0,1268850.0,block_0036
images/region_basel_stadt_core_01/blc_00562.jpg,0,region_basel_stadt_core_01,2611350.0,1268875.0,block_0036
images/region_basel_stadt_core_01/blc_00563.jpg,0,region_basel_stadt_core_01,2611350.0,1268900.0,block_0036
images/region_basel_stadt_core_01/blc_00564.jpg,0,region_basel_stadt_core_01,2611350.0,1268925.0,block_0036
images/region_basel_stadt_core_01/blc_00565.jpg,0,region_basel_stadt_core_01,2611375.0,1268850.0,block_0036
images/region_basel_stadt_core_01/blc_00566.jpg,1,region_basel_stadt_core_01,2611375.0,1268875.0,block_0036
images/region_basel_stadt_core_01/blc_00567.jpg,1,region_basel_stadt_core_01,2611375.0,1268900.0,block_0036
images/region_basel_stadt_core_01/blc_00568.jpg,1,region_basel_stadt_core_01,2611375.0,1268925.0,block_0036
images/region_basel_stadt_core_01/blc_00569.jpg,0,region_basel_stadt_core_01,2611400.0,1268850.0,block_0036
images/region_basel_stadt_core_01/blc_00570.jpg,1,region_basel_stadt_core_01,2611400.0,1268875.0,block_0036
images/region_basel_stadt_core_01/blc_00571.jpg,0,region_basel_stadt_core_01,2611400.0,1268900.0,block_0036
images/region_basel_stadt_core_01/blc_00572.jpg,1,region_basel_stadt_core_01,2611400.0,1268925.0,block_0036
images/region_basel_stadt_core_01/blc_00573.jpg,0,region_basel_stadt_core_01,2611425.0,1268850.0,block_0036
images/region_basel_stadt_core_01/blc_00574.jpg,0,region_basel_stadt_core_01,2611425.0,1268875.0,block_0036
images/region_basel_stadt_core_01/blc_00575.jpg,1,region_basel_stadt_core_01,2611425.0,1268900.0,block_0036
images/region_basel_stadt_core_01/blc_00576.jpg,0,region_basel_stadt_core_01,2611425.0,1268925.0,block_0036
images/region_basel_stadt_core_01/blc_00577.jpg,0,region_basel_stadt_core_01,2612675.0,1267400.0,block_0037
images/region_basel_stadt_core_01/blc_00578.jpg,0,region_basel_stadt_core_01,2612675.0,1267425.0,block_0037
images/region_basel_stadt_core_01/blc_00579.jpg,0,region_basel_stadt_core_01,2612675.0,1267450.0,block_0037
images/region_basel_stadt_core_01/blc_00580.jpg,0,region_basel_stadt_core_01,2612675.0,1267475.0,block_0037
images/region_basel_stadt_core_01/blc_00581.jpg,0,region_basel_stadt_core_01,2612700.0,1267400.0,block_0037
images/region_basel_stadt_core_01/blc_00582.jpg,0,region_basel_stadt_core_01,2612700.0,1267425.0,block_0037
images/region_basel_stadt_core_01/blc_00583.jpg,0,region_basel_stadt_core_01,2612700.0,1267450.0,block_0037
images/region_basel_stadt_core_01/blc_00584.jpg,0,region_basel_stadt_core_01,2612700.0,1267475.0,block_0037
images/region_basel_stadt_core_01/blc_00585.jpg,0,region_basel_stadt_core_01,2612725.0,1267400.0,block_0037
images/region_basel_stadt_core_01/blc_00586.jpg,0,region_basel_stadt_core_01,2612725.0,1267425.0,block_0037
images/region_basel_stadt_core_01/blc_00587.jpg,0,region_basel_stadt_core_01,2612725.0,1267450.0,block_0037
images/region_basel_stadt_core_01/blc_00588.jpg,0,region_basel_stadt_core_01,2612725.0,1267475.0,block_0037
images/region_basel_stadt_core_01/blc_00589.jpg,0,region_basel_stadt_core_01,2612750.0,1267400.0,block_0037
images/region_basel_stadt_core_01/blc_00590.jpg,0,region_basel_stadt_core_01,2612750.0,1267425.0,block_0037
images/region_basel_stadt_core_01/blc_00591.jpg,0,region_basel_stadt_core_01,2612750.0,1267450.0,block_0037
images/region_basel_stadt_core_01/blc_00592.jpg,0,region_basel_stadt_core_01,2612750.0,1267475.0,block_0037
images/region_basel_stadt_core_01/blc_00593.jpg,0,region_basel_stadt_core_01,2612475.0,1267725.0,block_0038
images/region_basel_stadt_core_01/blc_00594.jpg,0,region_basel_stadt_core_01,2612475.0,1267750.0,block_0038
images/region_basel_stadt_core_01/blc_00595.jpg,0,region_basel_stadt_core_01,2612475.0,1267775.0,block_0038
images/region_basel_stadt_core_01/blc_00596.jpg,0,region_basel_stadt_core_01,2612475.0,1267800.0,block_0038
images/region_basel_stadt_core_01/blc_00597.jpg,0,region_basel_stadt_core_01,2612500.0,1267725.0,block_0038
images/region_basel_stadt_core_01/blc_00598.jpg,0,region_basel_stadt_core_01,2612500.0,1267750.0,block_0038
images/region_basel_stadt_core_01/blc_00599.jpg,0,region_basel_stadt_core_01,2612500.0,1267775.0,block_0038
images/region_basel_stadt_core_01/blc_00600.jpg,0,region_basel_stadt_core_01,2612500.0,1267800.0,block_0038
images/region_basel_stadt_core_01/blc_00601.jpg,0,region_basel_stadt_core_01,2612525.0,1267725.0,block_0038
images/region_basel_stadt_core_01/blc_00602.jpg,0,region_basel_stadt_core_01,2612525.0,1267750.0,block_0038
images/region_basel_stadt_core_01/blc_00603.jpg,0,region_basel_stadt_core_01,2612525.0,1267775.0,block_0038
images/region_basel_stadt_core_01/blc_00604.jpg,0,region_basel_stadt_core_01,2612525.0,1267800.0,block_0038
images/region_basel_stadt_core_01/blc_00605.jpg,0,region_basel_stadt_core_01,2612550.0,1267725.0,block_0038
images/region_basel_stadt_core_01/blc_00606.jpg,0,region_basel_stadt_core_01,2612550.0,1267750.0,block_0038
images/region_basel_stadt_core_01/blc_00607.jpg,0,region_basel_stadt_core_01,2612550.0,1267775.0,block_0038
images/region_basel_stadt_core_01/blc_00608.jpg,0,region_basel_stadt_core_01,2612550.0,1267800.0,block_0038
images/region_basel_stadt_core_01/blc_00609.jpg,0,region_basel_stadt_core_01,2612475.0,1268400.0,block_0039
images/region_basel_stadt_core_01/blc_00610.jpg,0,region_basel_stadt_core_01,2612475.0,1268425.0,block_0039
images/region_basel_stadt_core_01/blc_00611.jpg,0,region_basel_stadt_core_01,2612475.0,1268450.0,block_0039
images/region_basel_stadt_core_01/blc_00612.jpg,0,region_basel_stadt_core_01,2612475.0,1268475.0,block_0039
images/region_basel_stadt_core_01/blc_00613.jpg,0,region_basel_stadt_core_01,2612500.0,1268400.0,block_0039
images/region_basel_stadt_core_01/blc_00614.jpg,0,region_basel_stadt_core_01,2612500.0,1268425.0,block_0039
images/region_basel_stadt_core_01/blc_00615.jpg,0,region_basel_stadt_core_01,2612500.0,1268450.0,block_0039
images/region_basel_stadt_core_01/blc_00616.jpg,0,region_basel_stadt_core_01,2612500.0,1268475.0,block_0039
images/region_basel_stadt_core_01/blc_00617.jpg,0,region_basel_stadt_core_01,2612525.0,1268400.0,block_0039
images/region_basel_stadt_core_01/blc_00618.jpg,0,region_basel_stadt_core_01,2612525.0,1268425.0,block_0039
images/region_basel_stadt_core_01/blc_00619.jpg,0,region_basel_stadt_core_01,2612525.0,1268450.0,block_0039
images/region_basel_stadt_core_01/blc_00620.jpg,0,region_basel_stadt_core_01,2612525.0,1268475.0,block_0039
images/region_basel_stadt_core_01/blc_00621.jpg,0,region_basel_stadt_core_01,2612550.0,1268400.0,block_0039
images/region_basel_stadt_core_01/blc_00622.jpg,0,region_basel_stadt_core_01,2612550.0,1268425.0,block_0039
images/region_basel_stadt_core_01/blc_00623.jpg,0,region_basel_stadt_core_01,2612550.0,1268450.0,block_0039
images/region_basel_stadt_core_01/blc_00624.jpg,0,region_basel_stadt_core_01,2612550.0,1268475.0,block_0039
images/region_basel_stadt_core_01/blc_00625.jpg,0,region_basel_stadt_core_01,2612700.0,1267900.0,block_0040
images/region_basel_stadt_core_01/blc_00626.jpg,0,region_basel_stadt_core_01,2612700.0,1267925.0,block_0040
images/region_basel_stadt_core_01/blc_00627.jpg,0,region_basel_stadt_core_01,2612700.0,1267950.0,block_0040
images/region_basel_stadt_core_01/blc_00628.jpg,0,region_basel_stadt_core_01,2612700.0,1267975.0,block_0040
images/region_basel_stadt_core_01/blc_00629.jpg,0,region_basel_stadt_core_01,2612725.0,1267900.0,block_0040
images/region_basel_stadt_core_01/blc_00630.jpg,0,region_basel_stadt_core_01,2612725.0,1267925.0,block_0040
images/region_basel_stadt_core_01/blc_00631.jpg,0,region_basel_stadt_core_01,2612725.0,1267950.0,block_0040
images/region_basel_stadt_core_01/blc_00632.jpg,0,region_basel_stadt_core_01,2612725.0,1267975.0,block_0040
images/region_basel_stadt_core_01/blc_00633.jpg,0,region_basel_stadt_core_01,2612750.0,1267900.0,block_0040
images/region_basel_stadt_core_01/blc_00634.jpg,0,region_basel_stadt_core_01,2612750.0,1267925.0,block_0040
images/region_basel_stadt_core_01/blc_00635.jpg,0,region_basel_stadt_core_01,2612750.0,1267950.0,block_0040
images/region_basel_stadt_core_01/blc_00636.jpg,0,region_basel_stadt_core_01,2612750.0,1267975.0,block_0040
images/region_basel_stadt_core_01/blc_00637.jpg,0,region_basel_stadt_core_01,2612775.0,1267900.0,block_0040
images/region_basel_stadt_core_01/blc_00638.jpg,0,region_basel_stadt_core_01,2612775.0,1267925.0,block_0040
images/region_basel_stadt_core_01/blc_00639.jpg,0,region_basel_stadt_core_01,2612775.0,1267950.0,block_0040
images/region_basel_stadt_core_01/blc_00640.jpg,0,region_basel_stadt_core_01,2612775.0,1267975.0,block_0040
images/region_basel_stadt_core_01/blc_00641.jpg,0,region_basel_stadt_core_01,2611400.0,1267500.0,block_0041
images/region_basel_stadt_core_01/blc_00642.jpg,0,region_basel_stadt_core_01,2611400.0,1267525.0,block_0041
images/region_basel_stadt_core_01/blc_00643.jpg,0,region_basel_stadt_core_01,2611400.0,1267550.0,block_0041
images/region_basel_stadt_core_01/blc_00644.jpg,0,region_basel_stadt_core_01,2611400.0,1267575.0,block_0041
images/region_basel_stadt_core_01/blc_00645.jpg,0,region_basel_stadt_core_01,2611425.0,1267500.0,block_0041
images/region_basel_stadt_core_01/blc_00646.jpg,0,region_basel_stadt_core_01,2611425.0,1267525.0,block_0041
images/region_basel_stadt_core_01/blc_00647.jpg,0,region_basel_stadt_core_01,2611425.0,1267550.0,block_0041
images/region_basel_stadt_core_01/blc_00648.jpg,0,region_basel_stadt_core_01,2611425.0,1267575.0,block_0041
images/region_basel_stadt_core_01/blc_00649.jpg,0,region_basel_stadt_core_01,2611450.0,1267500.0,block_0041
images/region_basel_stadt_core_01/blc_00650.jpg,0,region_basel_stadt_core_01,2611450.0,1267525.0,block_0041
images/region_basel_stadt_core_01/blc_00651.jpg,0,region_basel_stadt_core_01,2611450.0,1267550.0,block_0041
images/region_basel_stadt_core_01/blc_00652.jpg,0,region_basel_stadt_core_01,2611450.0,1267575.0,block_0041
images/region_basel_stadt_core_01/blc_00653.jpg,0,region_basel_stadt_core_01,2611475.0,1267500.0,block_0041
images/region_basel_stadt_core_01/blc_00654.jpg,0,region_basel_stadt_core_01,2611475.0,1267525.0,block_0041
images/region_basel_stadt_core_01/blc_00655.jpg,0,region_basel_stadt_core_01,2611475.0,1267550.0,block_0041
images/region_basel_stadt_core_01/blc_00656.jpg,0,region_basel_stadt_core_01,2611475.0,1267575.0,block_0041
images/region_basel_stadt_core_01/blc_00657.jpg,1,region_basel_stadt_core_01,2612825.0,1267625.0,block_0042
images/region_basel_stadt_core_01/blc_00658.jpg,0,region_basel_stadt_core_01,2612825.0,1267650.0,block_0042
images/region_basel_stadt_core_01/blc_00659.jpg,0,region_basel_stadt_core_01,2612825.0,1267675.0,block_0042
images/region_basel_stadt_core_01/blc_00660.jpg,0,region_basel_stadt_core_01,2612825.0,1267700.0,block_0042
images/region_basel_stadt_core_01/blc_00661.jpg,0,region_basel_stadt_core_01,2612850.0,1267625.0,block_0042
images/region_basel_stadt_core_01/blc_00662.jpg,0,region_basel_stadt_core_01,2612850.0,1267650.0,block_0042
images/region_basel_stadt_core_01/blc_00663.jpg,0,region_basel_stadt_core_01,2612850.0,1267675.0,block_0042
images/region_basel_stadt_core_01/blc_00664.jpg,0,region_basel_stadt_core_01,2612850.0,1267700.0,block_0042
images/region_basel_stadt_core_01/blc_00665.jpg,0,region_basel_stadt_core_01,2612875.0,1267625.0,block_0042
images/region_basel_stadt_core_01/blc_00666.jpg,0,region_basel_stadt_core_01,2612875.0,1267650.0,block_0042
images/region_basel_stadt_core_01/blc_00667.jpg,0,region_basel_stadt_core_01,2612875.0,1267675.0,block_0042
images/region_basel_stadt_core_01/blc_00668.jpg,0,region_basel_stadt_core_01,2612875.0,1267700.0,block_0042
images/region_basel_stadt_core_01/blc_00669.jpg,0,region_basel_stadt_core_01,2612900.0,1267625.0,block_0042
images/region_basel_stadt_core_01/blc_00670.jpg,0,region_basel_stadt_core_01,2612900.0,1267650.0,block_0042
images/region_basel_stadt_core_01/blc_00671.jpg,0,region_basel_stadt_core_01,2612900.0,1267675.0,block_0042
images/region_basel_stadt_core_01/blc_00672.jpg,0,region_basel_stadt_core_01,2612900.0,1267700.0,block_0042
images/region_basel_stadt_core_01/blc_00673.jpg,0,region_basel_stadt_core_01,2612450.0,1267425.0,block_0043
images/region_basel_stadt_core_01/blc_00674.jpg,0,region_basel_stadt_core_01,2612450.0,1267450.0,block_0043
images/region_basel_stadt_core_01/blc_00675.jpg,0,region_basel_stadt_core_01,2612450.0,1267475.0,block_0043
images/region_basel_stadt_core_01/blc_00676.jpg,0,region_basel_stadt_core_01,2612450.0,1267500.0,block_0043
images/region_basel_stadt_core_01/blc_00677.jpg,0,region_basel_stadt_core_01,2612475.0,1267425.0,block_0043
images/region_basel_stadt_core_01/blc_00678.jpg,0,region_basel_stadt_core_01,2612475.0,1267450.0,block_0043
images/region_basel_stadt_core_01/blc_00679.jpg,0,region_basel_stadt_core_01,2612475.0,1267475.0,block_0043
images/region_basel_stadt_core_01/blc_00680.jpg,0,region_basel_stadt_core_01,2612475.0,1267500.0,block_0043
images/region_basel_stadt_core_01/blc_00681.jpg,0,region_basel_stadt_core_01,2612500.0,1267425.0,block_0043
images/region_basel_stadt_core_01/blc_00682.jpg,0,region_basel_stadt_core_01,2612500.0,1267450.0,block_0043
images/region_basel_stadt_core_01/blc_00683.jpg,0,region_basel_stadt_core_01,2612500.0,1267475.0,block_0043
images/region_basel_stadt_core_01/blc_00684.jpg,0,region_basel_stadt_core_01,2612500.0,1267500.0,block_0043
images/region_basel_stadt_core_01/blc_00685.jpg,0,region_basel_stadt_core_01,2612525.0,1267425.0,block_0043
images/region_basel_stadt_core_01/blc_00686.jpg,0,region_basel_stadt_core_01,2612525.0,1267450.0,block_0043
images/region_basel_stadt_core_01/blc_00687.jpg,0,region_basel_stadt_core_01,2612525.0,1267475.0,block_0043
images/region_basel_stadt_core_01/blc_00688.jpg,0,region_basel_stadt_core_01,2612525.0,1267500.0,block_0043
images/region_basel_stadt_core_01/blc_00689.jpg,0,region_basel_stadt_core_01,2612275.0,1267000.0,block_0044
images/region_basel_stadt_core_01/blc_00690.jpg,0,region_basel_stadt_core_01,2612275.0,1267025.0,block_0044
images/region_basel_stadt_core_01/blc_00691.jpg,0,region_basel_stadt_core_01,2612275.0,1267050.0,block_0044
images/region_basel_stadt_core_01/blc_00692.jpg,0,region_basel_stadt_core_01,2612275.0,1267075.0,block_0044
images/region_basel_stadt_core_01/blc_00693.jpg,0,region_basel_stadt_core_01,2612300.0,1267000.0,block_0044
images/region_basel_stadt_core_01/blc_00694.jpg,0,region_basel_stadt_core_01,2612300.0,1267025.0,block_0044
images/region_basel_stadt_core_01/blc_00695.jpg,0,region_basel_stadt_core_01,2612300.0,1267050.0,block_0044
images/region_basel_stadt_core_01/blc_00696.jpg,0,region_basel_stadt_core_01,2612300.0,1267075.0,block_0044
images/region_basel_stadt_core_01/blc_00697.jpg,0,region_basel_stadt_core_01,2612325.0,1267000.0,block_0044
images/region_basel_stadt_core_01/blc_00698.jpg,0,region_basel_stadt_core_01,2612325.0,1267025.0,block_0044
images/region_basel_stadt_core_01/blc_00699.jpg,0,region_basel_stadt_core_01,2612325.0,1267050.0,block_0044
images/region_basel_stadt_core_01/blc_00700.jpg,0,region_basel_stadt_core_01,2612325.0,1267075.0,block_0044
images/region_basel_stadt_core_01/blc_00701.jpg,0,region_basel_stadt_core_01,2612350.0,1267000.0,block_0044
images/region_basel_stadt_core_01/blc_00702.jpg,0,region_basel_stadt_core_01,2612350.0,1267025.0,block_0044
images/region_basel_stadt_core_01/blc_00703.jpg,0,region_basel_stadt_core_01,2612350.0,1267050.0,block_0044
images/region_basel_stadt_core_01/blc_00704.jpg,0,region_basel_stadt_core_01,2612350.0,1267075.0,block_0044
images/region_basel_stadt_core_01/blc_00705.jpg,0,region_basel_stadt_core_01,2611800.0,1268450.0,block_0045
images/region_basel_stadt_core_01/blc_00706.jpg,0,region_basel_stadt_core_01,2611800.0,1268475.0,block_0045
images/region_basel_stadt_core_01/blc_00707.jpg,1,region_basel_stadt_core_01,2611800.0,1268500.0,block_0045
images/region_basel_stadt_core_01/blc_00708.jpg,0,region_basel_stadt_core_01,2611800.0,1268525.0,block_0045
images/region_basel_stadt_core_01/blc_00709.jpg,0,region_basel_stadt_core_01,2611825.0,1268450.0,block_0045
images/region_basel_stadt_core_01/blc_00710.jpg,0,region_basel_stadt_core_01,2611825.0,1268475.0,block_0045
images/region_basel_stadt_core_01/blc_00711.jpg,0,region_basel_stadt_core_01,2611825.0,1268500.0,block_0045
images/region_basel_stadt_core_01/blc_00712.jpg,0,region_basel_stadt_core_01,2611825.0,1268525.0,block_0045
images/region_basel_stadt_core_01/blc_00713.jpg,0,region_basel_stadt_core_01,2611850.0,1268450.0,block_0045
images/region_basel_stadt_core_01/blc_00714.jpg,0,region_basel_stadt_core_01,2611850.0,1268475.0,block_0045
images/region_basel_stadt_core_01/blc_00715.jpg,0,region_basel_stadt_core_01,2611850.0,1268500.0,block_0045
images/region_basel_stadt_core_01/blc_00716.jpg,0,region_basel_stadt_core_01,2611850.0,1268525.0,block_0045
images/region_basel_stadt_core_01/blc_00717.jpg,0,region_basel_stadt_core_01,2611875.0,1268450.0,block_0045
images/region_basel_stadt_core_01/blc_00718.jpg,0,region_basel_stadt_core_01,2611875.0,1268475.0,block_0045
images/region_basel_stadt_core_01/blc_00719.jpg,0,region_basel_stadt_core_01,2611875.0,1268500.0,block_0045
images/region_basel_stadt_core_01/blc_00720.jpg,0,region_basel_stadt_core_01,2611875.0,1268525.0,block_0045
images/region_basel_stadt_core_01/blc_00721.jpg,0,region_basel_stadt_core_01,2611525.0,1268075.0,block_0046
images/region_basel_stadt_core_01/blc_00722.jpg,0,region_basel_stadt_core_01,2611525.0,1268100.0,block_0046
images/region_basel_stadt_core_01/blc_00723.jpg,0,region_basel_stadt_core_01,2611525.0,1268125.0,block_0046
images/region_basel_stadt_core_01/blc_00724.jpg,0,region_basel_stadt_core_01,2611525.0,1268150.0,block_0046
images/region_basel_stadt_core_01/blc_00725.jpg,0,region_basel_stadt_core_01,2611550.0,1268075.0,block_0046
images/region_basel_stadt_core_01/blc_00726.jpg,0,region_basel_stadt_core_01,2611550.0,1268100.0,block_0046
images/region_basel_stadt_core_01/blc_00727.jpg,0,region_basel_stadt_core_01,2611550.0,1268125.0,block_0046
images/region_basel_stadt_core_01/blc_00728.jpg,0,region_basel_stadt_core_01,2611550.0,1268150.0,block_0046
images/region_basel_stadt_core_01/blc_00729.jpg,0,region_basel_stadt_core_01,2611575.0,1268075.0,block_0046
images/region_basel_stadt_core_01/blc_00730.jpg,0,region_basel_stadt_core_01,2611575.0,1268100.0,block_0046
images/region_basel_stadt_core_01/blc_00731.jpg,0,region_basel_stadt_core_01,2611575.0,1268125.0,block_0046
images/region_basel_stadt_core_01/blc_00732.jpg,0,region_basel_stadt_core_01,2611575.0,1268150.0,block_0046
images/region_basel_stadt_core_01/blc_00733.jpg,0,region_basel_stadt_core_01,2611600.0,1268075.0,block_0046
images/region_basel_stadt_core_01/blc_00734.jpg,0,region_basel_stadt_core_01,2611600.0,1268100.0,block_0046
images/region_basel_stadt_core_01/blc_00735.jpg,0,region_basel_stadt_core_01,2611600.0,1268125.0,block_0046
images/region_basel_stadt_core_01/blc_00736.jpg,0,region_basel_stadt_core_01,2611600.0,1268150.0,block_0046
images/region_basel_stadt_core_01/blc_00737.jpg,0,region_basel_stadt_core_01,2612475.0,1267550.0,block_0047
images/region_basel_stadt_core_01/blc_00738.jpg,1,region_basel_stadt_core_01,2612475.0,1267575.0,block_0047
images/region_basel_stadt_core_01/blc_00739.jpg,1,region_basel_stadt_core_01,2612475.0,1267600.0,block_0047
images/region_basel_stadt_core_01/blc_00740.jpg,0,region_basel_stadt_core_01,2612475.0,1267625.0,block_0047
images/region_basel_stadt_core_01/blc_00741.jpg,0,region_basel_stadt_core_01,2612500.0,1267550.0,block_0047
images/region_basel_stadt_core_01/blc_00742.jpg,1,region_basel_stadt_core_01,2612500.0,1267575.0,block_0047
images/region_basel_stadt_core_01/blc_00743.jpg,1,region_basel_stadt_core_01,2612500.0,1267600.0,block_0047
images/region_basel_stadt_core_01/blc_00744.jpg,0,region_basel_stadt_core_01,2612500.0,1267625.0,block_0047
images/region_basel_stadt_core_01/blc_00745.jpg,0,region_basel_stadt_core_01,2612525.0,1267550.0,block_0047
images/region_basel_stadt_core_01/blc_00746.jpg,0,region_basel_stadt_core_01,2612525.0,1267575.0,block_0047
images/region_basel_stadt_core_01/blc_00747.jpg,0,region_basel_stadt_core_01,2612525.0,1267600.0,block_0047
images/region_basel_stadt_core_01/blc_00748.jpg,0,region_basel_stadt_core_01,2612525.0,1267625.0,block_0047
images/region_basel_stadt_core_01/blc_00749.jpg,0,region_basel_stadt_core_01,2612550.0,1267550.0,block_0047
images/region_basel_stadt_core_01/blc_00750.jpg,0,region_basel_stadt_core_01,2612550.0,1267575.0,block_0047
images/region_basel_stadt_core_01/blc_00751.jpg,0,region_basel_stadt_core_01,2612550.0,1267600.0,block_0047
images/region_basel_stadt_core_01/blc_00752.jpg,0,region_basel_stadt_core_01,2612550.0,1267625.0,block_0047
images/region_basel_stadt_core_01/blc_00753.jpg,0,region_basel_stadt_core_01,2611300.0,1267500.0,block_0048
images/region_basel_stadt_core_01/blc_00754.jpg,0,region_basel_stadt_core_01,2611300.0,1267525.0,block_0048
images/region_basel_stadt_core_01/blc_00755.jpg,0,region_basel_stadt_core_01,2611300.0,1267550.0,block_0048
images/region_basel_stadt_core_01/blc_00756.jpg,0,region_basel_stadt_core_01,2611300.0,1267575.0,block_0048
images/region_basel_stadt_core_01/blc_00757.jpg,0,region_basel_stadt_core_01,2611325.0,1267500.0,block_0048
images/region_basel_stadt_core_01/blc_00758.jpg,0,region_basel_stadt_core_01,2611325.0,1267525.0,block_0048
images/region_basel_stadt_core_01/blc_00759.jpg,0,region_basel_stadt_core_01,2611325.0,1267550.0,block_0048
images/region_basel_stadt_core_01/blc_00760.jpg,0,region_basel_stadt_core_01,2611325.0,1267575.0,block_0048
images/region_basel_stadt_core_01/blc_00761.jpg,0,region_basel_stadt_core_01,2611350.0,1267500.0,block_0048
images/region_basel_stadt_core_01/blc_00762.jpg,0,region_basel_stadt_core_01,2611350.0,1267525.0,block_0048
images/region_basel_stadt_core_01/blc_00763.jpg,0,region_basel_stadt_core_01,2611350.0,1267550.0,block_0048
images/region_basel_stadt_core_01/blc_00764.jpg,0,region_basel_stadt_core_01,2611350.0,1267575.0,block_0048
images/region_basel_stadt_core_01/blc_00765.jpg,0,region_basel_stadt_core_01,2611375.0,1267500.0,block_0048
images/region_basel_stadt_core_01/blc_00766.jpg,0,region_basel_stadt_core_01,2611375.0,1267525.0,block_0048
images/region_basel_stadt_core_01/blc_00767.jpg,0,region_basel_stadt_core_01,2611375.0,1267550.0,block_0048
images/region_basel_stadt_core_01/blc_00768.jpg,0,region_basel_stadt_core_01,2611375.0,1267575.0,block_0048
images/region_basel_stadt_core_01/blc_00769.jpg,0,region_basel_stadt_core_01,2611350.0,1267200.0,block_0049
images/region_basel_stadt_core_01/blc_00770.jpg,0,region_basel_stadt_core_01,2611350.0,1267225.0,block_0049
images/region_basel_stadt_core_01/blc_00771.jpg,0,region_basel_stadt_core_01,2611350.0,1267250.0,block_0049
images/region_basel_stadt_core_01/blc_00772.jpg,0,region_basel_stadt_core_01,2611350.0,1267275.0,block_0049
images/region_basel_stadt_core_01/blc_00773.jpg,0,region_basel_stadt_core_01,2611375.0,1267200.0,block_0049
images/region_basel_stadt_core_01/blc_00774.jpg,0,region_basel_stadt_core_01,2611375.0,1267225.0,block_0049
images/region_basel_stadt_core_01/blc_00775.jpg,0,region_basel_stadt_core_01,2611375.0,1267250.0,block_0049
images/region_basel_stadt_core_01/blc_00776.jpg,0,region_basel_stadt_core_01,2611375.0,1267275.0,block_0049
images/region_basel_stadt_core_01/blc_00777.jpg,0,region_basel_stadt_core_01,2611400.0,1267200.0,block_0049
images/region_basel_stadt_core_01/blc_00778.jpg,0,region_basel_stadt_core_01,2611400.0,1267225.0,block_0049
images/region_basel_stadt_core_01/blc_00779.jpg,0,region_basel_stadt_core_01,2611400.0,1267250.0,block_0049
images/region_basel_stadt_core_01/blc_00780.jpg,0,region_basel_stadt_core_01,2611400.0,1267275.0,block_0049
images/region_basel_stadt_core_01/blc_00781.jpg,0,region_basel_stadt_core_01,2611425.0,1267200.0,block_0049
images/region_basel_stadt_core_01/blc_00782.jpg,0,region_basel_stadt_core_01,2611425.0,1267225.0,block_0049
images/region_basel_stadt_core_01/blc_00783.jpg,0,region_basel_stadt_core_01,2611425.0,1267250.0,block_0049
images/region_basel_stadt_core_01/blc_00784.jpg,0,region_basel_stadt_core_01,2611425.0,1267275.0,block_0049
images/region_basel_stadt_core_01/blc_00785.jpg,0,region_basel_stadt_core_01,2612800.0,1267250.0,block_0050
images/region_basel_stadt_core_01/blc_00786.jpg,0,region_basel_stadt_core_01,2612800.0,1267275.0,block_0050
images/region_basel_stadt_core_01/blc_00787.jpg,0,region_basel_stadt_core_01,2612800.0,1267300.0,block_0050
images/region_basel_stadt_core_01/blc_00788.jpg,0,region_basel_stadt_core_01,2612800.0,1267325.0,block_0050
images/region_basel_stadt_core_01/blc_00789.jpg,0,region_basel_stadt_core_01,2612825.0,1267250.0,block_0050
images/region_basel_stadt_core_01/blc_00790.jpg,0,region_basel_stadt_core_01,2612825.0,1267275.0,block_0050
images/region_basel_stadt_core_01/blc_00791.jpg,0,region_basel_stadt_core_01,2612825.0,1267300.0,block_0050
images/region_basel_stadt_core_01/blc_00792.jpg,0,region_basel_stadt_core_01,2612825.0,1267325.0,block_0050
images/region_basel_stadt_core_01/blc_00793.jpg,0,region_basel_stadt_core_01,2612850.0,1267250.0,block_0050
images/region_basel_stadt_core_01/blc_00794.jpg,0,region_basel_stadt_core_01,2612850.0,1267275.0,block_0050
images/region_basel_stadt_core_01/blc_00795.jpg,0,region_basel_stadt_core_01,2612850.0,1267300.0,block_0050
images/region_basel_stadt_core_01/blc_00796.jpg,0,region_basel_stadt_core_01,2612850.0,1267325.0,block_0050
images/region_basel_stadt_core_01/blc_00797.jpg,0,region_basel_stadt_core_01,2612875.0,1267250.0,block_0050
images/region_basel_stadt_core_01/blc_00798.jpg,0,region_basel_stadt_core_01,2612875.0,1267275.0,block_0050
images/region_basel_stadt_core_01/blc_00799.jpg,0,region_basel_stadt_core_01,2612875.0,1267300.0,block_0050
images/region_basel_stadt_core_01/blc_00800.jpg,0,region_basel_stadt_core_01,2612875.0,1267325.0,block_0050
images/region_basel_stadt_core_01/blc_00801.jpg,0,region_basel_stadt_core_01,2611175.0,1268550.0,block_0051
images/region_basel_stadt_core_01/blc_00802.jpg,0,region_basel_stadt_core_01,2611175.0,1268575.0,block_0051
images/region_basel_stadt_core_01/blc_00803.jpg,0,region_basel_stadt_core_01,2611175.0,1268600.0,block_0051
images/region_basel_stadt_core_01/blc_00804.jpg,0,region_basel_stadt_core_01,2611175.0,1268625.0,block_0051
images/region_basel_stadt_core_01/blc_00805.jpg,0,region_basel_stadt_core_01,2611200.0,1268550.0,block_0051
images/region_basel_stadt_core_01/blc_00806.jpg,0,region_basel_stadt_core_01,2611200.0,1268575.0,block_0051
images/region_basel_stadt_core_01/blc_00807.jpg,0,region_basel_stadt_core_01,2611200.0,1268600.0,block_0051
images/region_basel_stadt_core_01/blc_00808.jpg,0,region_basel_stadt_core_01,2611200.0,1268625.0,block_0051
images/region_basel_stadt_core_01/blc_00809.jpg,0,region_basel_stadt_core_01,2611225.0,1268550.0,block_0051
images/region_basel_stadt_core_01/blc_00810.jpg,0,region_basel_stadt_core_01,2611225.0,1268575.0,block_0051
images/region_basel_stadt_core_01/blc_00811.jpg,0,region_basel_stadt_core_01,2611225.0,1268600.0,block_0051
images/region_basel_stadt_core_01/blc_00812.jpg,0,region_basel_stadt_core_01,2611225.0,1268625.0,block_0051
images/region_basel_stadt_core_01/blc_00813.jpg,0,region_basel_stadt_core_01,2611250.0,1268550.0,block_0051
images/region_basel_stadt_core_01/blc_00814.jpg,0,region_basel_stadt_core_01,2611250.0,1268575.0,block_0051
images/region_basel_stadt_core_01/blc_00815.jpg,0,region_basel_stadt_core_01,2611250.0,1268600.0,block_0051
images/region_basel_stadt_core_01/blc_00816.jpg,0,region_basel_stadt_core_01,2611250.0,1268625.0,block_0051
images/region_basel_stadt_core_01/blc_00817.jpg,0,region_basel_stadt_core_01,2611425.0,1267875.0,block_0052
images/region_basel_stadt_core_01/blc_00818.jpg,0,region_basel_stadt_core_01,2611425.0,1267900.0,block_0052
images/region_basel_stadt_core_01/blc_00819.jpg,0,region_basel_stadt_core_01,2611425.0,1267925.0,block_0052
images/region_basel_stadt_core_01/blc_00820.jpg,0,region_basel_stadt_core_01,2611425.0,1267950.0,block_0052
images/region_basel_stadt_core_01/blc_00821.jpg,0,region_basel_stadt_core_01,2611450.0,1267875.0,block_0052
images/region_basel_stadt_core_01/blc_00822.jpg,0,region_basel_stadt_core_01,2611450.0,1267900.0,block_0052
images/region_basel_stadt_core_01/blc_00823.jpg,0,region_basel_stadt_core_01,2611450.0,1267925.0,block_0052
images/region_basel_stadt_core_01/blc_00824.jpg,0,region_basel_stadt_core_01,2611450.0,1267950.0,block_0052
images/region_basel_stadt_core_01/blc_00825.jpg,0,region_basel_stadt_core_01,2611475.0,1267875.0,block_0052
images/region_basel_stadt_core_01/blc_00826.jpg,0,region_basel_stadt_core_01,2611475.0,1267900.0,block_0052
images/region_basel_stadt_core_01/blc_00827.jpg,0,region_basel_stadt_core_01,2611475.0,1267925.0,block_0052
images/region_basel_stadt_core_01/blc_00828.jpg,0,region_basel_stadt_core_01,2611475.0,1267950.0,block_0052
images/region_basel_stadt_core_01/blc_00829.jpg,0,region_basel_stadt_core_01,2611500.0,1267875.0,block_0052
images/region_basel_stadt_core_01/blc_00830.jpg,0,region_basel_stadt_core_01,2611500.0,1267900.0,block_0052
images/region_basel_stadt_core_01/blc_00831.jpg,0,region_basel_stadt_core_01,2611500.0,1267925.0,block_0052
images/region_basel_stadt_core_01/blc_00832.jpg,0,region_basel_stadt_core_01,2611500.0,1267950.0,block_0052
images/region_basel_stadt_core_01/blc_00833.jpg,0,region_basel_stadt_core_01,2611650.0,1268200.0,block_0053
images/region_basel_stadt_core_01/blc_00834.jpg,0,region_basel_stadt_core_01,2611650.0,1268225.0,block_0053
images/region_basel_stadt_core_01/blc_00835.jpg,0,region_basel_stadt_core_01,2611650.0,1268250.0,block_0053
images/region_basel_stadt_core_01/blc_00836.jpg,0,region_basel_stadt_core_01,2611650.0,1268275.0,block_0053
images/region_basel_stadt_core_01/blc_00837.jpg,0,region_basel_stadt_core_01,2611675.0,1268200.0,block_0053
images/region_basel_stadt_core_01/blc_00838.jpg,0,region_basel_stadt_core_01,2611675.0,1268225.0,block_0053
images/region_basel_stadt_core_01/blc_00839.jpg,0,region_basel_stadt_core_01,2611675.0,1268250.0,block_0053
images/region_basel_stadt_core_01/blc_00840.jpg,0,region_basel_stadt_core_01,2611675.0,1268275.0,block_0053
images/region_basel_stadt_core_01/blc_00841.jpg,0,region_basel_stadt_core_01,2611700.0,1268200.0,block_0053
images/region_basel_stadt_core_01/blc_00842.jpg,0,region_basel_stadt_core_01,2611700.0,1268225.0,block_0053
images/region_basel_stadt_core_01/blc_00843.jpg,0,region_basel_stadt_core_01,2611700.0,1268250.0,block_0053
images/region_basel_stadt_core_01/blc_00844.jpg,0,region_basel_stadt_core_01,2611700.0,1268275.0,block_0053
images/region_basel_stadt_core_01/blc_00845.jpg,0,region_basel_stadt_core_01,2611725.0,1268200.0,block_0053
images/region_basel_stadt_core_01/blc_00846.jpg,0,region_basel_stadt_core_01,2611725.0,1268225.0,block_0053
images/region_basel_stadt_core_01/blc_00847.jpg,0,region_basel_stadt_core_01,2611725.0,1268250.0,block_0053
images/region_basel_stadt_core_01/blc_00848.jpg,0,region_basel_stadt_core_01,2611725.0,1268275.0,block_0053
images/region_basel_stadt_core_01/blc_00849.jpg,0,region_basel_stadt_core_01,2612450.0,1268675.0,block_0054
images/region_basel_stadt_core_01/blc_00850.jpg,0,region_basel_stadt_core_01,2612450.0,1268700.0,block_0054
images/region_basel_stadt_core_01/blc_00851.jpg,0,region_basel_stadt_core_01,2612450.0,1268725.0,block_0054
images/region_basel_stadt_core_01/blc_00852.jpg,0,region_basel_stadt_core_01,2612450.0,1268750.0,block_0054
images/region_basel_stadt_core_01/blc_00853.jpg,0,region_basel_stadt_core_01,2612475.0,1268675.0,block_0054
images/region_basel_stadt_core_01/blc_00854.jpg,0,region_basel_stadt_core_01,2612475.0,1268700.0,block_0054
images/region_basel_stadt_core_01/blc_00855.jpg,0,region_basel_stadt_core_01,2612475.0,1268725.0,block_0054
images/region_basel_stadt_core_01/blc_00856.jpg,0,region_basel_stadt_core_01,2612475.0,1268750.0,block_0054
images/region_basel_stadt_core_01/blc_00857.jpg,0,region_basel_stadt_core_01,2612500.0,1268675.0,block_0054
images/region_basel_stadt_core_01/blc_00858.jpg,0,region_basel_stadt_core_01,2612500.0,1268700.0,block_0054
images/region_basel_stadt_core_01/blc_00859.jpg,0,region_basel_stadt_core_01,2612500.0,1268725.0,block_0054
images/region_basel_stadt_core_01/blc_00860.jpg,0,region_basel_stadt_core_01,2612500.0,1268750.0,block_0054
images/region_basel_stadt_core_01/blc_00861.jpg,0,region_basel_stadt_core_01,2612525.0,1268675.0,block_0054
images/region_basel_stadt_core_01/blc_00862.jpg,1,region_basel_stadt_core_01,2612525.0,1268700.0,block_0054
images/region_basel_stadt_core_01/blc_00863.jpg,0,region_basel_stadt_core_01,2612525.0,1268725.0,block_0054
images/region_basel_stadt_core_01/blc_00864.jpg,0,region_basel_stadt_core_01,2612525.0,1268750.0,block_0054
images/region_basel_stadt_core_01/blc_00865.jpg,0,region_basel_stadt_core_01,2612250.0,1268575.0,block_0055
images/region_basel_stadt_core_01/blc_00866.jpg,0,region_basel_stadt_core_01,2612250.0,1268600.0,block_0055
images/region_basel_stadt_core_01/blc_00867.jpg,0,region_basel_stadt_core_01,2612250.0,1268625.0,block_0055
images/region_basel_stadt_core_01/blc_00868.jpg,0,region_basel_stadt_core_01,2612250.0,1268650.0,block_0055
images/region_basel_stadt_core_01/blc_00869.jpg,0,region_basel_stadt_core_01,2612275.0,1268575.0,block_0055
images/region_basel_stadt_core_01/blc_00870.jpg,0,region_basel_stadt_core_01,2612275.0,1268600.0,block_0055
images/region_basel_stadt_core_01/blc_00871.jpg,0,region_basel_stadt_core_01,2612275.0,1268625.0,block_0055
images/region_basel_stadt_core_01/blc_00872.jpg,0,region_basel_stadt_core_01,2612275.0,1268650.0,block_0055
images/region_basel_stadt_core_01/blc_00873.jpg,0,region_basel_stadt_core_01,2612300.0,1268575.0,block_0055
images/region_basel_stadt_core_01/blc_00874.jpg,0,region_basel_stadt_core_01,2612300.0,1268600.0,block_0055
images/region_basel_stadt_core_01/blc_00875.jpg,1,region_basel_stadt_core_01,2612300.0,1268625.0,block_0055
images/region_basel_stadt_core_01/blc_00876.jpg,0,region_basel_stadt_core_01,2612300.0,1268650.0,block_0055
images/region_basel_stadt_core_01/blc_00877.jpg,0,region_basel_stadt_core_01,2612325.0,1268575.0,block_0055
images/region_basel_stadt_core_01/blc_00878.jpg,0,region_basel_stadt_core_01,2612325.0,1268600.0,block_0055
images/region_basel_stadt_core_01/blc_00879.jpg,1,region_basel_stadt_core_01,2612325.0,1268625.0,block_0055
images/region_basel_stadt_core_01/blc_00880.jpg,0,region_basel_stadt_core_01,2612325.0,1268650.0,block_0055
images/region_basel_stadt_core_01/blc_00881.jpg,0,region_basel_stadt_core_01,2612750.0,1268300.0,block_0056
images/region_basel_stadt_core_01/blc_00882.jpg,0,region_basel_stadt_core_01,2612750.0,1268325.0,block_0056
images/region_basel_stadt_core_01/blc_00883.jpg,1,region_basel_stadt_core_01,2612750.0,1268350.0,block_0056
images/region_basel_stadt_core_01/blc_00884.jpg,1,region_basel_stadt_core_01,2612750.0,1268375.0,block_0056
images/region_basel_stadt_core_01/blc_00885.jpg,0,region_basel_stadt_core_01,2612775.0,1268300.0,block_0056
images/region_basel_stadt_core_01/blc_00886.jpg,0,region_basel_stadt_core_01,2612775.0,1268325.0,block_0056
images/region_basel_stadt_core_01/blc_00887.jpg,0,region_basel_stadt_core_01,2612775.0,1268350.0,block_0056
images/region_basel_stadt_core_01/blc_00888.jpg,0,region_basel_stadt_core_01,2612775.0,1268375.0,block_0056
images/region_basel_stadt_core_01/blc_00889.jpg,0,region_basel_stadt_core_01,2612800.0,1268300.0,block_0056
images/region_basel_stadt_core_01/blc_00890.jpg,0,region_basel_stadt_core_01,2612800.0,1268325.0,block_0056
images/region_basel_stadt_core_01/blc_00891.jpg,0,region_basel_stadt_core_01,2612800.0,1268350.0,block_0056
images/region_basel_stadt_core_01/blc_00892.jpg,0,region_basel_stadt_core_01,2612800.0,1268375.0,block_0056
images/region_basel_stadt_core_01/blc_00893.jpg,0,region_basel_stadt_core_01,2612825.0,1268300.0,block_0056
images/region_basel_stadt_core_01/blc_00894.jpg,0,region_basel_stadt_core_01,2612825.0,1268325.0,block_0056
images/region_basel_stadt_core_01/blc_00895.jpg,0,region_basel_stadt_core_01,2612825.0,1268350.0,block_0056
images/region_basel_stadt_core_01/blc_00896.jpg,0,region_basel_stadt_core_01,2612825.0,1268375.0,block_0056
images/region_basel_stadt_core_01/blc_00897.jpg,0,region_basel_stadt_core_01,2612750.0,1267000.0,block_0057
images/region_basel_stadt_core_01/blc_00898.jpg,0,region_basel_stadt_core_01,2612750.0,1267025.0,block_0057
images/region_basel_stadt_core_01/blc_00899.jpg,0,region_basel_stadt_core_01,2612750.0,1267050.0,block_0057
images/region_basel_stadt_core_01/blc_00900.jpg,0,region_basel_stadt_core_01,2612750.0,1267075.0,block_0057
images/region_basel_stadt_core_01/blc_00901.jpg,0,region_basel_stadt_core_01,2612775.0,1267000.0,block_0057
images/region_basel_stadt_core_01/blc_00902.jpg,0,region_basel_stadt_core_01,2612775.0,1267025.0,block_0057
images/region_basel_stadt_core_01/blc_00903.jpg,0,region_basel_stadt_core_01,2612775.0,1267050.0,block_0057
images/region_basel_stadt_core_01/blc_00904.jpg,0,region_basel_stadt_core_01,2612775.0,1267075.0,block_0057
images/region_basel_stadt_core_01/blc_00905.jpg,0,region_basel_stadt_core_01,2612800.0,1267000.0,block_0057
images/region_basel_stadt_core_01/blc_00906.jpg,0,region_basel_stadt_core_01,2612800.0,1267025.0,block_0057
images/region_basel_stadt_core_01/blc_00907.jpg,0,region_basel_stadt_core_01,2612800.0,1267050.0,block_0057
images/region_basel_stadt_core_01/blc_00908.jpg,0,region_basel_stadt_core_01,2612800.0,1267075.0,block_0057
images/region_basel_stadt_core_01/blc_00909.jpg,0,region_basel_stadt_core_01,2612825.0,1267000.0,block_0057
images/region_basel_stadt_core_01/blc_00910.jpg,0,region_basel_stadt_core_01,2612825.0,1267025.0,block_0057
images/region_basel_stadt_core_01/blc_00911.jpg,0,region_basel_stadt_core_01,2612825.0,1267050.0,block_0057
images/region_basel_stadt_core_01/blc_00912.jpg,0,region_basel_stadt_core_01,2612825.0,1267075.0,block_0057
images/region_basel_stadt_core_01/blc_00913.jpg,0,region_basel_stadt_core_01,2612150.0,1267650.0,block_0058
images/region_basel_stadt_core_01/blc_00914.jpg,0,region_basel_stadt_core_01,2612150.0,1267675.0,block_0058
images/region_basel_stadt_core_01/blc_00915.jpg,0,region_basel_stadt_core_01,2612150.0,1267700.0,block_0058
images/region_basel_stadt_core_01/blc_00916.jpg,0,region_basel_stadt_core_01,2612150.0,1267725.0,block_0058
images/region_basel_stadt_core_01/blc_00917.jpg,0,region_basel_stadt_core_01,2612175.0,1267650.0,block_0058
images/region_basel_stadt_core_01/blc_00918.jpg,0,region_basel_stadt_core_01,2612175.0,1267675.0,block_0058
images/region_basel_stadt_core_01/blc_00919.jpg,0,region_basel_stadt_core_01,2612175.0,1267700.0,block_0058
images/region_basel_stadt_core_01/blc_00920.jpg,0,region_basel_stadt_core_01,2612175.0,1267725.0,block_0058
images/region_basel_stadt_core_01/blc_00921.jpg,0,region_basel_stadt_core_01,2612200.0,1267650.0,block_0058
images/region_basel_stadt_core_01/blc_00922.jpg,0,region_basel_stadt_core_01,2612200.0,1267675.0,block_0058
images/region_basel_stadt_core_01/blc_00923.jpg,0,region_basel_stadt_core_01,2612200.0,1267700.0,block_0058
images/region_basel_stadt_core_01/blc_00924.jpg,0,region_basel_stadt_core_01,2612200.0,1267725.0,block_0058
images/region_basel_stadt_core_01/blc_00925.jpg,0,region_basel_stadt_core_01,2612225.0,1267650.0,block_0058
images/region_basel_stadt_core_01/blc_00926.jpg,0,region_basel_stadt_core_01,2612225.0,1267675.0,block_0058
images/region_basel_stadt_core_01/blc_00927.jpg,0,region_basel_stadt_core_01,2612225.0,1267700.0,block_0058
images/region_basel_stadt_core_01/blc_00928.jpg,0,region_basel_stadt_core_01,2612225.0,1267725.0,block_0058
images/region_basel_stadt_core_01/blc_00929.jpg,0,region_basel_stadt_core_01,2611750.0,1268900.0,block_0059
images/region_basel_stadt_core_01/blc_00930.jpg,0,region_basel_stadt_core_01,2611750.0,1268925.0,block_0059
images/region_basel_stadt_core_01/blc_00931.jpg,0,region_basel_stadt_core_01,2611750.0,1268950.0,block_0059
images/region_basel_stadt_core_01/blc_00932.jpg,0,region_basel_stadt_core_01,2611750.0,1268975.0,block_0059
images/region_basel_stadt_core_01/blc_00933.jpg,1,region_basel_stadt_core_01,2611775.0,1268900.0,block_0059
images/region_basel_stadt_core_01/blc_00934.jpg,1,region_basel_stadt_core_01,2611775.0,1268925.0,block_0059
images/region_basel_stadt_core_01/blc_00935.jpg,1,region_basel_stadt_core_01,2611775.0,1268950.0,block_0059
images/region_basel_stadt_core_01/blc_00936.jpg,0,region_basel_stadt_core_01,2611775.0,1268975.0,block_0059
images/region_basel_stadt_core_01/blc_00937.jpg,0,region_basel_stadt_core_01,2611800.0,1268900.0,block_0059
images/region_basel_stadt_core_01/blc_00938.jpg,0,region_basel_stadt_core_01,2611800.0,1268925.0,block_0059
images/region_basel_stadt_core_01/blc_00939.jpg,0,region_basel_stadt_core_01,2611800.0,1268950.0,block_0059
images/region_basel_stadt_core_01/blc_00940.jpg,0,region_basel_stadt_core_01,2611800.0,1268975.0,block_0059
images/region_basel_stadt_core_01/blc_00941.jpg,0,region_basel_stadt_core_01,2611825.0,1268900.0,block_0059
images/region_basel_stadt_core_01/blc_00942.jpg,0,region_basel_stadt_core_01,2611825.0,1268925.0,block_0059
images/region_basel_stadt_core_01/blc_00943.jpg,0,region_basel_stadt_core_01,2611825.0,1268950.0,block_0059
images/region_basel_stadt_core_01/blc_00944.jpg,0,region_basel_stadt_core_01,2611825.0,1268975.0,block_0059
images/region_basel_stadt_core_01/blc_00945.jpg,0,region_basel_stadt_core_01,2611725.0,1267175.0,block_0060
images/region_basel_stadt_core_01/blc_00946.jpg,0,region_basel_stadt_core_01,2611725.0,1267200.0,block_0060
images/region_basel_stadt_core_01/blc_00947.jpg,0,region_basel_stadt_core_01,2611725.0,1267225.0,block_0060
images/region_basel_stadt_core_01/blc_00948.jpg,0,region_basel_stadt_core_01,2611725.0,1267250.0,block_0060
images/region_basel_stadt_core_01/blc_00949.jpg,0,region_basel_stadt_core_01,2611750.0,1267175.0,block_0060
images/region_basel_stadt_core_01/blc_00950.jpg,0,region_basel_stadt_core_01,2611750.0,1267200.0,block_0060
images/region_basel_stadt_core_01/blc_00951.jpg,0,region_basel_stadt_core_01,2611750.0,1267225.0,block_0060
images/region_basel_stadt_core_01/blc_00952.jpg,0,region_basel_stadt_core_01,2611750.0,1267250.0,block_0060
images/region_basel_stadt_core_01/blc_00953.jpg,0,region_basel_stadt_core_01,2611775.0,1267175.0,block_0060
images/region_basel_stadt_core_01/blc_00954.jpg,0,region_basel_stadt_core_01,2611775.0,1267200.0,block_0060
images/region_basel_stadt_core_01/blc_00955.jpg,0,region_basel_stadt_core_01,2611775.0,1267225.0,block_0060
images/region_basel_stadt_core_01/blc_00956.jpg,0,region_basel_stadt_core_01,2611775.0,1267250.0,block_0060
images/region_basel_stadt_core_01/blc_00957.jpg,0,region_basel_stadt_core_01,2611800.0,1267175.0,block_0060
images/region_basel_stadt_core_01/blc_00958.jpg,0,region_basel_stadt_core_01,2611800.0,1267200.0,block_0060
images/region_basel_stadt_core_01/blc_00959.jpg,0,region_basel_stadt_core_01,2611800.0,1267225.0,block_0060
images/region_basel_stadt_core_01/blc_00960.jpg,0,region_basel_stadt_core_01,2611800.0,1267250.0,block_0060
images/region_basel_stadt_core_01/blc_00961.jpg,0,region_basel_stadt_core_01,2611525.0,1268450.0,block_0061
images/region_basel_stadt_core_01/blc_00962.jpg,0,region_basel_stadt_core_01,2611525.0,1268475.0,block_0061
images/region_basel_stadt_core_01/blc_00963.jpg,0,region_basel_stadt_core_01,2611525.0,1268500.0,block_0061
images/region_basel_stadt_core_01/blc_00964.jpg,0,region_basel_stadt_core_01,2611525.0,1268525.0,block_0061
images/region_basel_stadt_core_01/blc_00965.jpg,0,region_basel_stadt_core_01,2611550.0,1268450.0,block_0061
images/region_basel_stadt_core_01/blc_00966.jpg,0,region_basel_stadt_core_01,2611550.0,1268475.0,block_0061
images/region_basel_stadt_core_01/blc_00967.jpg,0,region_basel_stadt_core_01,2611550.0,1268500.0,block_0061
images/region_basel_stadt_core_01/blc_00968.jpg,0,region_basel_stadt_core_01,2611550.0,1268525.0,block_0061
images/region_basel_stadt_core_01/blc_00969.jpg,1,region_basel_stadt_core_01,2611575.0,1268450.0,block_0061
images/region_basel_stadt_core_01/blc_00970.jpg,0,region_basel_stadt_core_01,2611575.0,1268475.0,block_0061
images/region_basel_stadt_core_01/blc_00971.jpg,0,region_basel_stadt_core_01,2611575.0,1268500.0,block_0061
images/region_basel_stadt_core_01/blc_00972.jpg,0,region_basel_stadt_core_01,2611575.0,1268525.0,block_0061
images/region_basel_stadt_core_01/blc_00973.jpg,1,region_basel_stadt_core_01,2611600.0,1268450.0,block_0061
images/region_basel_stadt_core_01/blc_00974.jpg,0,region_basel_stadt_core_01,2611600.0,1268475.0,block_0061
images/region_basel_stadt_core_01/blc_00975.jpg,0,region_basel_stadt_core_01,2611600.0,1268500.0,block_0061
images/region_basel_stadt_core_01/blc_00976.jpg,0,region_basel_stadt_core_01,2611600.0,1268525.0,block_0061
images/region_basel_stadt_core_01/blc_00977.jpg,0,region_basel_stadt_core_01,2612275.0,1267450.0,block_0062
images/region_basel_stadt_core_01/blc_00978.jpg,0,region_basel_stadt_core_01,2612275.0,1267475.0,block_0062
images/region_basel_stadt_core_01/blc_00979.jpg,0,region_basel_stadt_core_01,2612275.0,1267500.0,block_0062
images/region_basel_stadt_core_01/blc_00980.jpg,0,region_basel_stadt_core_01,2612275.0,1267525.0,block_0062
images/region_basel_stadt_core_01/blc_00981.jpg,0,region_basel_stadt_core_01,2612300.0,1267450.0,block_0062
images/region_basel_stadt_core_01/blc_00982.jpg,0,region_basel_stadt_core_01,2612300.0,1267475.0,block_0062
images/region_basel_stadt_core_01/blc_00983.jpg,0,region_basel_stadt_core_01,2612300.0,1267500.0,block_0062
images/region_basel_stadt_core_01/blc_00984.jpg,0,region_basel_stadt_core_01,2612300.0,1267525.0,block_0062
images/region_basel_stadt_core_01/blc_00985.jpg,0,region_basel_stadt_core_01,2612325.0,1267450.0,block_0062
images/region_basel_stadt_core_01/blc_00986.jpg,0,region_basel_stadt_core_01,2612325.0,1267475.0,block_0062
images/region_basel_stadt_core_01/blc_00987.jpg,0,region_basel_stadt_core_01,2612325.0,1267500.0,block_0062
images/region_basel_stadt_core_01/blc_00988.jpg,0,region_basel_stadt_core_01,2612325.0,1267525.0,block_0062
images/region_basel_stadt_core_01/blc_00989.jpg,0,region_basel_stadt_core_01,2612350.0,1267450.0,block_0062
images/region_basel_stadt_core_01/blc_00990.jpg,0,region_basel_stadt_core_01,2612350.0,1267475.0,block_0062
images/region_basel_stadt_core_01/blc_00991.jpg,0,region_basel_stadt_core_01,2612350.0,1267500.0,block_0062
images/region_basel_stadt_core_01/blc_00992.jpg,0,region_basel_stadt_core_01,2612350.0,1267525.0,block_0062
images/region_basel_stadt_core_01/blc_00993.jpg,0,region_basel_stadt_core_01,2612125.0,1268775.0,block_0063
images/region_basel_stadt_core_01/blc_00994.jpg,0,region_basel_stadt_core_01,2612125.0,1268800.0,block_0063
images/region_basel_stadt_core_01/blc_00995.jpg,0,region_basel_stadt_core_01,2612125.0,1268825.0,block_0063
images/region_basel_stadt_core_01/blc_00996.jpg,0,region_basel_stadt_core_01,2612125.0,1268850.0,block_0063
images/region_basel_stadt_core_01/blc_00997.jpg,0,region_basel_stadt_core_01,2612150.0,1268775.0,block_0063
images/region_basel_stadt_core_01/blc_00998.jpg,0,region_basel_stadt_core_01,2612150.0,1268800.0,block_0063
images/region_basel_stadt_core_01/blc_00999.jpg,0,region_basel_stadt_core_01,2612150.0,1268825.0,block_0063
images/region_basel_stadt_core_01/blc_01000.jpg,0,region_basel_stadt_core_01,2612150.0,1268850.0,block_0063
images/region_basel_stadt_core_01/blc_01001.jpg,0,region_basel_stadt_core_01,2612175.0,1268775.0,block_0063
images/region_basel_stadt_core_01/blc_01002.jpg,0,region_basel_stadt_core_01,2612175.0,1268800.0,block_0063
images/region_basel_stadt_core_01/blc_01003.jpg,0,region_basel_stadt_core_01,2612175.0,1268825.0,block_0063
images/region_basel_stadt_core_01/blc_01004.jpg,0,region_basel_stadt_core_01,2612175.0,1268850.0,block_0063
images/region_basel_stadt_core_01/blc_01005.jpg,0,region_basel_stadt_core_01,2612200.0,1268775.0,block_0063
images/region_basel_stadt_core_01/blc_01006.jpg,0,region_basel_stadt_core_01,2612200.0,1268800.0,block_0063
images/region_basel_stadt_core_01/blc_01007.jpg,0,region_basel_stadt_core_01,2612200.0,1268825.0,block_0063
images/region_basel_stadt_core_01/blc_01008.jpg,0,region_basel_stadt_core_01,2612200.0,1268850.0,block_0063
images/region_basel_stadt_core_01/blc_01009.jpg,1,region_basel_stadt_core_01,2612325.0,1268075.0,block_0064
images/region_basel_stadt_core_01/blc_01010.jpg,0,region_basel_stadt_core_01,2612325.0,1268100.0,block_0064
images/region_basel_stadt_core_01/blc_01011.jpg,0,region_basel_stadt_core_01,2612325.0,1268125.0,block_0064
images/region_basel_stadt_core_01/blc_01012.jpg,0,region_basel_stadt_core_01,2612325.0,1268150.0,block_0064
images/region_basel_stadt_core_01/blc_01013.jpg,0,region_basel_stadt_core_01,2612350.0,1268075.0,block_0064
images/region_basel_stadt_core_01/blc_01014.jpg,0,region_basel_stadt_core_01,2612350.0,1268100.0,block_0064
images/region_basel_stadt_core_01/blc_01015.jpg,0,region_basel_stadt_core_01,2612350.0,1268125.0,block_0064
images/region_basel_stadt_core_01/blc_01016.jpg,0,region_basel_stadt_core_01,2612350.0,1268150.0,block_0064
images/region_basel_stadt_core_01/blc_01017.jpg,0,region_basel_stadt_core_01,2612375.0,1268075.0,block_0064
images/region_basel_stadt_core_01/blc_01018.jpg,0,region_basel_stadt_core_01,2612375.0,1268100.0,block_0064
images/region_basel_stadt_core_01/blc_01019.jpg,0,region_basel_stadt_core_01,2612375.0,1268125.0,block_0064
images/region_basel_stadt_core_01/blc_01020.jpg,0,region_basel_stadt_core_01,2612375.0,1268150.0,block_0064
images/region_basel_stadt_core_01/blc_01021.jpg,0,region_basel_stadt_core_01,2612400.0,1268075.0,block_0064
images/region_basel_stadt_core_01/blc_01022.jpg,0,region_basel_stadt_core_01,2612400.0,1268100.0,block_0064
images/region_basel_stadt_core_01/blc_01023.jpg,0,region_basel_stadt_core_01,2612400.0,1268125.0,block_0064
images/region_basel_stadt_core_01/blc_01024.jpg,0,region_basel_stadt_core_01,2612400.0,1268150.0,block_0064
